case,generation,workers,ready_ms,cpu_per_db_s,total_cpu_s,close_ms,heap_alloc_bytes,heap_sys_bytes,rss_bytes,physical_bytes,fd,goroutines,active_mappings,creates,releases,release_failures,start_per_db_ms,ready_per_db_ms,snapshot_per_db_ms,close_per_db_ms
fresh-1x50,1,1,85.193,0.08237900000000001,0.08237900000000001,3.0035,158356568,171409408,49905664,13402880,5,1,0,1,1,0,[78.006458],[85.150958],[0],[2.998125]
fresh-1x50,2,1,57.093583,0.059870999999999994,0.059870999999999994,6.569625,158357288,284622848,94650368,58114840,5,1,0,2,2,0,[54.927333],[57.081333],[0],[6.562583]
fresh-1x50,3,1,58.256625,0.06137300000000001,0.06137300000000001,6.638125,158364376,284622848,204193792,167248688,5,1,0,3,3,0,[56.104042],[58.243958],[0],[6.632417]
fresh-1x50,4,1,62.380208,0.065414,0.065414,6.533042,158372728,284622848,316981248,280281976,5,1,0,4,4,0,[59.947625],[62.368875],[0],[6.529708]
fresh-1x50,5,1,60.015334,0.06312399999999996,0.06312399999999996,6.612208,158378072,284622848,317030400,280347512,5,1,0,5,5,0,[57.814166],[59.996625],[0],[6.610334]
fresh-1x50,6,1,59.906792,0.06338100000000002,0.06338100000000002,6.5025,158381064,284590080,317095936,280413048,5,1,0,6,6,0,[57.632625],[59.893917],[0],[6.499291]
fresh-1x50,7,1,59.39,0.06309700000000001,0.06309700000000001,6.557334,158385768,385220608,417988608,357762008,5,1,0,7,7,0,[57.23875],[59.3785],[0],[6.555166]
fresh-1x50,8,1,58.608125,0.06296999999999997,0.06296999999999997,6.686916,158385592,385187840,417988608,318473176,5,1,0,8,8,0,[56.478167],[58.596959],[0],[6.681625]
fresh-1x50,9,1,60.507708,0.06434700000000004,0.06434700000000004,6.602833,158391328,385187840,417988608,318292952,5,1,0,9,9,0,[58.284084],[60.492167],[0],[6.60125]
fresh-1x50,10,1,63.53175,0.06751700000000005,0.06751700000000005,6.462959,158395896,385187840,418054144,301908952,5,1,0,10,10,0,[61.18125],[63.511541],[0],[6.461208]
fresh-1x50,11,1,59.55525,0.06325899999999995,0.06325899999999995,6.805584,158401328,385187840,418086912,305251288,5,1,0,11,11,0,[57.507041],[59.54675],[0],[6.803334]
fresh-1x50,12,1,59.599833,0.063079,0.063079,6.800875,158402088,385155072,418086912,306152408,5,1,0,12,12,0,[57.5315],[59.58375],[0],[6.798959]
fresh-1x50,13,1,59.63875,0.06340200000000007,0.06340200000000007,6.607083,158416464,385122304,418103296,309281752,5,1,0,13,13,0,[57.463834],[59.621459],[0],[6.605334]
fresh-1x50,14,1,60.704791,0.06387700000000007,0.06387700000000007,6.712416,158413296,385089536,418119680,317719512,5,1,0,14,14,0,[58.489417],[60.691208],[0],[6.710125]
fresh-1x50,15,1,60.495875,0.063728,0.063728,6.559125,158414560,385089536,418119680,313443288,5,1,0,15,15,0,[58.339125],[60.485291],[0],[6.557375]
fresh-1x50,16,1,62.644583,0.06802400000000008,0.06802400000000008,6.53125,158427832,385056768,418119680,318030808,5,1,0,16,16,0,[60.275917],[62.624959],[0],[6.529167]
fresh-1x50,17,1,59.28825,0.06268699999999994,0.06268699999999994,6.642291,158428000,385024000,418136064,313852888,5,1,0,17,17,0,[57.136541],[59.276916],[0],[6.640334]
fresh-1x50,18,1,61.885708,0.06424000000000007,0.06424000000000007,6.548292,158429128,385024000,418136064,314491864,5,1,0,18,18,0,[59.653292],[61.870125],[0],[6.5465]
fresh-1x50,19,1,62.94125,0.06760999999999995,0.06760999999999995,6.799167,158438416,385024000,418136064,313852888,5,1,0,19,19,0,[60.755208],[62.930833],[0],[6.796958]
fresh-1x50,20,1,59.588166,0.062051999999999996,0.062051999999999996,6.370166,158432504,385024000,418136064,318145496,5,1,0,20,20,0,[57.205],[59.577583],[0],[6.366458]
fresh-1x50,21,1,60.507625,0.06411299999999986,0.06411299999999986,6.747166,158436584,385024000,418136064,305447896,5,1,0,21,21,0,[58.379083],[60.489667],[0],[6.74475]
fresh-1x50,22,1,66.590458,0.07172299999999998,0.07172299999999998,7.005125,158442776,384958464,418152448,305857496,5,1,0,22,22,0,[64.736834],[66.57025],[0],[7.00225]
fresh-1x50,23,1,59.921291,0.06342000000000003,0.06342000000000003,6.877375,158441064,384958464,418152448,317703128,5,1,0,23,23,0,[57.90825],[59.899042],[0],[6.874709]
fresh-1x50,24,1,59.616291,0.0645509999999998,0.0645509999999998,6.462583,158445192,384958464,418152448,317785048,5,1,0,24,24,0,[57.261583],[59.603417],[0],[6.455459]
fresh-1x50,25,1,59.091,0.06321999999999983,0.06321999999999983,6.675417,158440888,384958464,418152448,317604824,5,1,0,25,25,0,[56.897625],[59.081042],[0],[6.669208]
fresh-1x50,26,1,61.436666,0.06447099999999995,0.06447099999999995,6.70975,158441888,384958464,418152448,305513432,5,1,0,26,26,0,[59.376834],[61.42525],[0],[6.707791]
fresh-1x50,27,1,59.133334,0.06278800000000007,0.06278800000000007,6.61275,158443824,384958464,418152448,305087448,5,1,0,27,27,0,[57.065792],[59.115084],[0],[6.610958]
fresh-1x50,28,1,61.07175,0.0647040000000001,0.0647040000000001,6.529,158446016,384958464,418152448,318407640,5,1,0,28,28,0,[58.771542],[61.060833],[0],[6.527333]
fresh-1x50,29,1,59.372584,0.062311000000000005,0.062311000000000005,6.51225,158448192,384958464,418152448,317801432,5,1,0,29,29,0,[57.062125],[59.356917],[0],[6.51]
fresh-1x50,30,1,59.616625,0.0630940000000002,0.0630940000000002,6.645292,158449768,384958464,418168832,318292952,5,1,0,30,30,0,[57.432167],[59.59625],[0],[6.638]
fresh-1x50,31,1,60.760916,0.06438300000000008,0.06438300000000008,6.631375,158448568,384958464,418168832,313820120,5,1,0,31,31,0,[58.575792],[60.744167],[0],[6.62725]
fresh-1x50,32,1,65.618917,0.0687850000000001,0.0687850000000001,6.543375,158455664,384958464,418168832,313885656,5,1,0,32,32,0,[63.408666],[65.60275],[0],[6.53825]
fresh-1x50,33,1,58.610958,0.0618660000000002,0.0618660000000002,6.660541,158456784,384958464,418185216,313328600,5,1,0,33,33,0,[56.526042],[58.594709],[0],[6.658791]
fresh-1x50,34,1,58.665125,0.06187200000000015,0.06187200000000015,6.659583,158459200,384958464,418185216,318161880,5,1,0,34,34,0,[56.542208],[58.648333],[0],[6.655875]
fresh-1x50,35,1,63.577208,0.06782600000000016,0.06782600000000016,6.696125,158458176,384958464,418185216,304759768,5,1,0,35,35,0,[61.414],[63.564042],[0],[6.690083]
fresh-1x50,36,1,59.683041,0.06341000000000019,0.06341000000000019,6.48075,158463496,384958464,418185216,306004952,5,1,0,36,36,0,[57.397],[59.670833],[0],[6.478709]
fresh-1x50,37,1,62.527291,0.06534500000000021,0.06534500000000021,6.525459,158463792,384958464,418185216,317998040,5,1,0,37,37,0,[60.2005],[62.518083],[0],[6.523041]
fresh-1x50,38,1,60.679709,0.06648500000000013,0.06648500000000013,6.563209,158463592,384925696,418185216,314803160,5,1,0,38,38,0,[58.282667],[60.66625],[0],[6.556917]
fresh-1x50,39,1,60.987,0.06941600000000037,0.06941600000000037,7.291375,158476808,384925696,418185216,317457368,5,1,0,39,39,0,[58.4925],[60.969334],[0],[7.2885]
fresh-1x50,40,1,63.840458,0.06820899999999952,0.06820899999999952,6.448333,158465744,384925696,418185216,314082264,5,1,0,40,40,0,[61.473875],[63.824875],[0],[6.446209]
fresh-1x50,41,1,60.389542,0.0662189999999998,0.0662189999999998,6.575791,158465704,384925696,418185216,313443288,5,1,0,41,41,0,[58.026583],[60.369166],[0],[6.573459]
fresh-1x50,42,1,59.322625,0.0626840000000004,0.0626840000000004,6.712625,158462032,384892928,418185216,314082264,5,1,0,42,42,0,[57.130292],[59.302792],[0],[6.70675]
fresh-1x50,43,1,67.270292,0.07078099999999976,0.07078099999999976,6.495333,158468408,384892928,418185216,313344984,5,1,0,43,43,0,[64.989333],[67.24575],[0],[6.493]
fresh-1x50,44,1,59.280458,0.06275200000000014,0.06275200000000014,6.709125,158459560,384892928,418185216,314786776,5,1,0,44,44,0,[57.103459],[59.260917],[0],[6.706542]
fresh-1x50,45,1,62.301041,0.06571900000000053,0.06571900000000053,6.61675,158462944,384892928,418185216,313361368,5,1,0,45,45,0,[60.12],[62.288375],[0],[6.614709]
fresh-1x50,46,1,60.935791,0.06532500000000008,0.06532500000000008,6.723459,158455920,384892928,418185216,314000344,5,1,0,46,46,0,[58.85625],[60.918041],[0],[6.721417]
fresh-1x50,47,1,60.06625,0.06319799999999987,0.06319799999999987,6.643209,158456648,384892928,418185216,317309912,5,1,0,47,47,0,[57.967375],[60.047583],[0],[6.641042]
fresh-1x50,48,1,60.952833,0.06382300000000019,0.06382300000000019,6.509,158460816,384892928,418185216,313967576,5,1,0,48,48,0,[58.575167],[60.931792],[0],[6.503125]
fresh-1x50,49,1,59.349833,0.06288300000000024,0.06288300000000024,6.719542,158458720,384892928,418185216,317440984,5,1,0,49,49,0,[57.24825],[59.334041],[0],[6.717875]
fresh-1x50,50,1,59.3755,0.06258799999999987,0.06258799999999987,6.789917,158458216,384892928,418185216,314049496,5,1,0,50,50,0,[57.241916],[59.355333],[0],[6.783459]
fresh-1x100,1,1,53.2655,0.059404000000000005,0.059404000000000005,6.3275,158355208,167280640,49643520,13239040,5,1,0,1,1,0,[49.898125],[53.245416],[0],[6.324833]
fresh-1x100,2,1,53.202917,0.056425,0.056425,6.589584,158358720,280461312,95174656,58114864,5,1,0,2,2,0,[50.972459],[53.188084],[0],[6.587417]
fresh-1x100,3,1,53.245083,0.057784,0.057784,6.556709,158368248,381091840,119193600,80937800,5,1,0,3,3,0,[51.075083],[53.231083],[0],[6.554875]
fresh-1x100,4,1,61.80725,0.07819099999999998,0.07819099999999998,11.050125,158397416,381091840,232423424,192922512,5,2,0,4,4,0,[58.262458],[61.796917],[0],[11.046833]
fresh-1x100,5,1,61.838666,0.06237199999999998,0.06237199999999998,6.640541,158374688,381059072,333299712,278594520,5,1,0,5,5,0,[59.706208],[61.825208],[0],[6.630375]
fresh-1x100,6,1,60.806166,0.064027,0.064027,6.494875,158375768,381059072,333529088,283952088,5,1,0,6,6,0,[58.559792],[60.78875],[0],[6.493208]
fresh-1x100,7,1,60.693209,0.06520500000000001,0.06520500000000001,6.737375,158386968,380993536,333594624,279856088,5,1,0,7,7,0,[58.542125],[60.675792],[0],[6.735542]
fresh-1x100,8,1,60.5385,0.06370300000000001,0.06370300000000001,6.641916,158391896,380993536,333594624,284722136,5,1,0,8,8,0,[58.41125],[60.526875],[0],[6.640416]
fresh-1x100,9,1,59.437208,0.06323100000000004,0.06323100000000004,6.748292,158398720,380993536,333627392,279954392,5,1,0,9,9,0,[57.186167],[59.415417],[0],[6.746291]
fresh-1x100,10,1,61.619875,0.06706599999999996,0.06706599999999996,6.60675,158399112,380993536,333627392,283411416,5,1,0,10,10,0,[59.350458],[61.598833],[0],[6.604375]
fresh-1x100,11,1,60.904584,0.06448600000000004,0.06448600000000004,6.783416,158396656,380993536,333627392,279954392,5,1,0,11,11,0,[58.866458],[60.885375],[0],[6.781125]
fresh-1x100,12,1,58.894625,0.06224099999999999,0.06224099999999999,6.670166,158400728,380960768,333627392,284754904,5,1,0,12,12,0,[56.676333],[58.878125],[0],[6.668584]
fresh-1x100,13,1,59.422084,0.06186999999999998,0.06186999999999998,6.833916,158406152,380895232,333627392,279954392,5,1,0,13,13,0,[57.219875],[59.404334],[0],[6.828208]
fresh-1x100,14,1,60.01175,0.06155200000000005,0.06155200000000005,6.724125,158404016,380895232,333922304,285049816,5,1,0,14,14,0,[57.936],[59.997041],[0],[6.721875]
fresh-1x100,15,1,60.84025,0.06316100000000002,0.06316100000000002,6.490458,158403992,380895232,333922304,280249304,5,1,0,15,15,0,[58.596125],[60.824333],[0],[6.485542]
fresh-1x100,16,1,58.58175,0.061383999999999994,0.061383999999999994,6.532792,158405520,380862464,333938688,285049816,5,1,0,16,16,0,[56.383542],[58.565875],[0],[6.530584]
fresh-1x100,17,1,58.836792,0.062034000000000145,0.062034000000000145,6.631416,158415616,380862464,333955072,280265688,5,1,0,17,17,0,[56.674375],[58.820709],[0],[6.629041]
fresh-1x100,18,1,59.039416,0.06239499999999998,0.06239499999999998,6.493,158411736,380862464,334135296,283902936,5,1,0,18,18,0,[56.776375],[59.024875],[0],[6.490583]
fresh-1x100,19,1,59.388625,0.06266500000000019,0.06266500000000019,6.716125,158412064,380862464,334135296,280445912,5,1,0,19,19,0,[57.337667],[59.375375],[0],[6.713583]
fresh-1x100,20,1,60.153583,0.06298900000000018,0.06298900000000018,6.658958,158418680,380862464,334135296,285246424,5,1,0,20,20,0,[57.977417],[60.140834],[0],[6.654958]
fresh-1x100,21,1,64.2585,0.06711899999999993,0.06711899999999993,6.612,158430256,380829696,334151680,280462296,5,1,0,21,21,0,[62.037541],[64.248875],[0],[6.610291]
fresh-1x100,22,1,58.513083,0.06163399999999997,0.06163399999999997,6.654959,158433032,380796928,334348288,285459416,5,1,0,22,22,0,[56.441334],[58.499667],[0],[6.653417]
fresh-1x100,23,1,58.474458,0.06400600000000001,0.06400600000000001,6.79475,158444384,380796928,334348288,280658904,5,1,0,23,23,0,[56.23425],[58.456875],[0],[6.79025]
fresh-1x100,24,1,58.755708,0.06204699999999996,0.06204699999999996,6.696541,158432416,380796928,334348288,285459416,5,1,0,24,24,0,[56.543458],[58.735541],[0],[6.694041]
fresh-1x100,25,1,60.521416,0.06369099999999994,0.06369099999999994,6.648042,158432624,380796928,334348288,280658904,5,1,0,25,25,0,[58.365625],[60.507167],[0],[6.642167]
fresh-1x100,26,1,58.287125,0.06133999999999995,0.06133999999999995,6.563875,158435328,380796928,334364672,285475800,5,1,0,26,26,0,[56.120417],[58.278834],[0],[6.562167]
fresh-1x100,27,1,59.991667,0.06284600000000018,0.06284600000000018,6.624875,158446944,380796928,334364672,280675288,5,1,0,27,27,0,[57.850708],[59.977625],[0],[6.623041]
fresh-1x100,28,1,58.680666,0.061417000000000055,0.061417000000000055,6.567667,158435656,380764160,334364672,285475800,5,1,0,28,28,0,[56.513917],[58.665125],[0],[6.565875]
fresh-1x100,29,1,60.408458,0.06333600000000006,0.06333600000000006,6.787958,158439728,380764160,334446592,280757208,5,1,0,29,29,0,[58.126458],[60.392417],[0],[6.785542]
fresh-1x100,30,1,60.139,0.06204500000000013,0.06204500000000013,6.516417,158439560,380764160,334446592,285557720,5,1,0,30,30,0,[57.907666],[60.126458],[0],[6.5145]
fresh-1x100,31,1,59.526167,0.06169799999999981,0.06169799999999981,6.593542,158441928,380764160,334446592,280757208,5,1,0,31,31,0,[57.279625],[59.506959],[0],[6.588167]
fresh-1x100,32,1,62.69525,0.0656749999999997,0.0656749999999997,7.111666,158444672,380764160,334446592,285557720,5,1,0,32,32,0,[60.942333],[62.68025],[0],[7.110083]
fresh-1x100,33,1,63.19575,0.06516300000000008,0.06516300000000008,6.702916,158442224,380764160,334446592,280757208,5,1,0,33,33,0,[61.14],[63.185417],[0],[6.70125]
fresh-1x100,34,1,59.679333,0.06113000000000035,0.06113000000000035,6.550583,158442224,380764160,334446592,285557720,5,1,0,34,34,0,[57.453667],[59.660875],[0],[6.546]
fresh-1x100,35,1,59.798791,0.06203599999999998,0.06203599999999998,6.717875,158450296,380764160,334446592,280757208,5,1,0,35,35,0,[57.651875],[59.784],[0],[6.716166]
fresh-1x100,36,1,60.84,0.06692700000000018,0.06692700000000018,6.993625,158456768,380764160,334446592,285557720,5,1,0,36,36,0,[58.574],[60.824416],[0],[6.990208]
fresh-1x100,37,1,62.064542,0.065102,0.065102,6.7345,158449912,380731392,334446592,280757208,5,1,0,37,37,0,[59.943125],[62.047667],[0],[6.732375]
fresh-1x100,38,1,60.048,0.06322299999999981,0.06322299999999981,6.64475,158450064,380731392,334446592,285557720,5,1,0,38,38,0,[57.859125],[60.028542],[0],[6.6365]
fresh-1x100,39,1,62.567458,0.06741900000000012,0.06741900000000012,5.914167,158471808,380731392,334462976,280757208,5,1,0,39,39,0,[59.246375],[62.550584],[0],[5.908167]
fresh-1x100,40,1,60.555,0.0634260000000002,0.0634260000000002,6.790208,158454896,380731392,334462976,284214232,5,1,0,40,40,0,[58.478],[60.543917],[0],[6.788084]
fresh-1x100,41,1,58.674125,0.06308700000000034,0.06308700000000034,6.742666,158461136,380698624,334462976,280757208,5,1,0,41,41,0,[56.51025],[58.658792],[0],[6.739375]
fresh-1x100,42,1,59.900667,0.06503399999999981,0.06503399999999981,6.677041,158468744,380698624,334462976,284214232,5,1,0,42,42,0,[57.600042],[59.884958],[0],[6.674458]
fresh-1x100,43,1,60.951291,0.06668499999999966,0.06668499999999966,6.832333,158475864,380698624,334462976,280757208,5,1,0,43,43,0,[58.36325],[60.941458],[0],[6.830291]
fresh-1x100,44,1,60.21625,0.06305899999999998,0.06305899999999998,6.781917,158468792,380698624,334462976,285557720,5,1,0,44,44,0,[58.162417],[60.198459],[0],[6.779833]
fresh-1x100,45,1,61.302375,0.06585999999999981,0.06585999999999981,6.688917,158459840,380698624,334462976,280757208,5,1,0,45,45,0,[59.056541],[61.288541],[0],[6.686417]
fresh-1x100,46,1,60.961041,0.06357200000000018,0.06357200000000018,6.893667,158459296,380698624,334462976,285557720,5,1,0,46,46,0,[58.937834],[60.947542],[0],[6.889791]
fresh-1x100,47,1,61.905459,0.06499499999999969,0.06499499999999969,6.677,158459768,380698624,334462976,280757208,5,1,0,47,47,0,[59.852917],[61.88875],[0],[6.673083]
fresh-1x100,48,1,60.478625,0.06297299999999995,0.06297299999999995,6.621042,158460232,380698624,334462976,285557720,5,1,0,48,48,0,[58.368291],[60.459291],[0],[6.618916]
fresh-1x100,49,1,61.87675,0.06711199999999984,0.06711199999999984,6.984459,158462984,380698624,334462976,280757208,5,1,0,49,49,0,[59.708916],[61.855541],[0],[6.982375]
fresh-1x100,50,1,60.792834,0.06397899999999979,0.06397899999999979,6.839417,158459624,380698624,334479360,285574104,5,1,0,50,50,0,[58.524959],[60.783084],[0],[6.83625]
fresh-1x100,51,1,69.153125,0.06664899999999996,0.06664899999999996,6.546208,158462280,380731392,334479360,280773592,5,1,0,51,51,0,[66.817],[69.124041],[0],[6.543416]
fresh-1x100,52,1,62.006666,0.06441700000000017,0.06441700000000017,6.610875,158463136,380731392,334479360,285574104,5,1,0,52,52,0,[59.85725],[61.987958],[0],[6.609125]
fresh-1x100,53,1,63.000709,0.06618099999999982,0.06618099999999982,6.676292,158464240,380731392,334495744,280789976,5,1,0,53,53,0,[60.774292],[62.98275],[0],[6.674584]
fresh-1x100,54,1,61.253,0.06433799999999978,0.06433799999999978,6.59025,158473800,380698624,334495744,284247000,5,1,0,54,54,0,[59.069667],[61.232167],[0],[6.588125]
fresh-1x100,55,1,60.033833,0.062132000000000076,0.062132000000000076,6.597041,158475728,380698624,334495744,280789976,5,1,0,55,55,0,[57.797916],[60.017208],[0],[6.595291]
fresh-1x100,56,1,61.773416,0.06631300000000007,0.06631300000000007,6.795125,158472792,380665856,334495744,285590488,5,1,0,56,56,0,[59.406334],[61.762959],[0],[6.79225]
fresh-1x100,57,1,60.891625,0.06393300000000002,0.06393300000000002,6.55275,158474520,380633088,334495744,280789976,5,1,0,57,57,0,[58.651584],[60.879459],[0],[6.551]
fresh-1x100,58,1,59.458417,0.06271800000000027,0.06271800000000027,6.673,158478312,380633088,334495744,285590488,5,1,0,58,58,0,[57.281209],[59.444375],[0],[6.671333]
fresh-1x100,59,1,59.985917,0.06361699999999981,0.06361699999999981,6.60075,158482424,380633088,334495744,280789976,5,1,0,59,59,0,[57.741791],[59.970833],[0],[6.597]
fresh-1x100,60,1,64.406625,0.06538299999999975,0.06538299999999975,6.370541,158480792,380600320,334495744,284247000,5,1,0,60,60,0,[62.019958],[64.387166],[0],[6.3655]
fresh-1x100,61,1,61.950625,0.0655629999999996,0.0655629999999996,6.733625,158484504,380600320,334495744,280789976,5,1,0,61,61,0,[59.780583],[61.936583],[0],[6.731875]
fresh-1x100,62,1,60.364167,0.06339300000000048,0.06339300000000048,6.683209,158494144,380633088,334495744,285590488,5,1,0,62,62,0,[58.217208],[60.347041],[0],[6.680292]
fresh-1x100,63,1,60.429417,0.06297100000000011,0.06297100000000011,6.689291,158496424,380633088,334495744,280789976,5,1,0,63,63,0,[58.241042],[60.414875],[0],[6.687541]
fresh-1x100,64,1,62.743542,0.06603599999999954,0.06603599999999954,6.734541,158495792,380633088,334495744,284247000,5,1,0,64,64,0,[60.644083],[62.726542],[0],[6.732166]
fresh-1x100,65,1,63.214875,0.06541400000000053,0.06541400000000053,6.577291,158504480,380633088,334495744,280789976,5,1,0,65,65,0,[61.055792],[63.199583],[0],[6.575125]
fresh-1x100,66,1,60.392416,0.06261400000000084,0.06261400000000084,6.650791,158506168,380633088,334495744,285590488,5,1,0,66,66,0,[58.27375],[60.381292],[0],[6.64925]
fresh-1x100,67,1,61.212041,0.06625200000000042,0.06625200000000042,6.461292,158516416,380633088,334495744,280789976,5,1,0,67,67,0,[58.824292],[61.198458],[0],[6.457292]
fresh-1x100,68,1,59.649583,0.062425000000000175,0.062425000000000175,6.573666,158515288,380633088,334495744,285590488,5,1,0,68,68,0,[57.414791],[59.631083],[0],[6.571584]
fresh-1x100,69,1,59.69275,0.06236599999999992,0.06236599999999992,6.64425,158509224,380633088,334495744,280789976,5,1,0,69,69,0,[57.494584],[59.681875],[0],[6.638083]
fresh-1x100,70,1,58.9885,0.06409900000000057,0.06409900000000057,6.693375,158503808,380600320,334495744,285590488,5,1,0,70,70,0,[56.619042],[58.974292],[0],[6.691083]
fresh-1x100,71,1,60.601459,0.06424499999999966,0.06424499999999966,6.565083,158504840,380600320,334495744,280789976,5,1,0,71,71,0,[58.270625],[60.584834],[0],[6.560417]
fresh-1x100,72,1,62.0645,0.06429099999999988,0.06429099999999988,6.642334,158503552,380600320,334495744,285590488,5,1,0,72,72,0,[59.910916],[62.043875],[0],[6.64075]
fresh-1x100,73,1,60.358834,0.06353800000000032,0.06353800000000032,6.800417,158509416,380600320,334610432,280904664,5,1,0,73,73,0,[58.256166],[60.348375],[0],[6.7965]
fresh-1x100,74,1,62.657375,0.06488300000000002,0.06488300000000002,6.837959,158506176,380600320,334626816,285721560,5,1,0,74,74,0,[60.581375],[62.644875],[0],[6.835708]
fresh-1x100,75,1,59.827333,0.06197799999999987,0.06197799999999987,6.556542,158508552,380600320,334626816,280921048,5,1,0,75,75,0,[57.5925],[59.811292],[0],[6.552166]
fresh-1x100,76,1,59.851625,0.06247100000000039,0.06247100000000039,6.573208,158514600,380600320,334626816,284378072,5,1,0,76,76,0,[57.556583],[59.832125],[0],[6.5675]
fresh-1x100,77,1,62.940583,0.06526100000000046,0.06526100000000046,6.5775,158509216,380600320,334626816,280921048,5,1,0,77,77,0,[60.724083],[62.925291],[0],[6.575292]
fresh-1x100,78,1,59.4395,0.061501999999999946,0.061501999999999946,6.625125,158507120,380600320,334774272,285869016,5,1,0,78,78,0,[57.251583],[59.427708],[0],[6.621584]
fresh-1x100,79,1,58.572542,0.061773999999999774,0.061773999999999774,6.640417,158508576,380600320,334774272,281068504,5,1,0,79,79,0,[56.451708],[58.555583],[0],[6.636292]
fresh-1x100,80,1,61.135833,0.06802600000000059,0.06802600000000059,7.107542,158512032,380600320,334774272,285869016,5,1,0,80,80,0,[58.924583],[61.113416],[0],[7.104791]
fresh-1x100,81,1,61.122,0.06386499999999984,0.06386499999999984,6.641209,158505008,380600320,334774272,281068504,5,1,0,81,81,0,[58.905125],[61.09825],[0],[6.639291]
fresh-1x100,82,1,59.48525,0.0639409999999998,0.0639409999999998,6.668291,158505840,380600320,334774272,285869016,5,1,0,82,82,0,[57.265875],[59.462667],[0],[6.662834]
fresh-1x100,83,1,60.810542,0.06442399999999981,0.06442399999999981,6.764833,158516136,380600320,334774272,281068504,5,1,0,83,83,0,[58.629667],[60.791125],[0],[6.7585]
fresh-1x100,84,1,58.434584,0.06172100000000036,0.06172100000000036,6.768125,158508296,380600320,334774272,285869016,5,1,0,84,84,0,[56.417625],[58.420709],[0],[6.766667]
fresh-1x100,85,1,59.396584,0.06301100000000037,0.06301100000000037,6.630792,158509696,380600320,334774272,281068504,5,1,0,85,85,0,[57.19075],[59.38075],[0],[6.629042]
fresh-1x100,86,1,60.03975,0.06474500000000027,0.06474500000000027,6.731458,158508888,380600320,334774272,285869016,5,1,0,86,86,0,[57.77925],[60.0085],[0],[6.729083]
fresh-1x100,87,1,58.934791,0.062074999999999214,0.062074999999999214,6.526542,158511536,380600320,334774272,281068504,5,1,0,87,87,0,[56.665917],[58.92125],[0],[6.521417]
fresh-1x100,88,1,58.771709,0.06204099999999979,0.06204099999999979,6.432375,158510224,380600320,334774272,285869016,5,1,0,88,88,0,[56.536458],[58.756541],[0],[6.42875]
fresh-1x100,89,1,58.323333,0.06192500000000045,0.06192500000000045,6.740125,158508976,380600320,334774272,281068504,5,1,0,89,89,0,[56.237125],[58.313375],[0],[6.738417]
fresh-1x100,90,1,60.495042,0.06345699999999965,0.06345699999999965,6.715042,158510360,380600320,334774272,285869016,5,1,0,90,90,0,[58.373834],[60.474125],[0],[6.7135]
fresh-1x100,91,1,59.429833,0.06191299999999966,0.06191299999999966,6.625125,158514360,380600320,334774272,281068504,5,1,0,91,91,0,[57.282708],[59.411833],[0],[6.623208]
fresh-1x100,92,1,61.329625,0.0643180000000001,0.0643180000000001,6.62425,158511848,380600320,334774272,285869016,5,1,0,92,92,0,[59.1365],[61.314333],[0],[6.621958]
fresh-1x100,93,1,61.330333,0.06461700000000015,0.06461700000000015,6.47175,158509792,380600320,334774272,281068504,5,1,0,93,93,0,[59.054958],[61.318333],[0],[6.47025]
fresh-1x100,94,1,58.349583,0.061477999999999255,0.061477999999999255,6.711875,158511048,380600320,334774272,285869016,5,1,0,94,94,0,[56.204791],[58.333375],[0],[6.710084]
fresh-1x100,95,1,59.82275,0.06273000000000017,0.06273000000000017,6.548333,158512848,380600320,334774272,281068504,5,1,0,95,95,0,[57.599292],[59.8045],[0],[6.543125]
fresh-1x100,96,1,61.476167,0.06430199999999964,0.06430199999999964,6.589958,158511728,380600320,334774272,285869016,5,1,0,96,96,0,[59.258125],[61.45975],[0],[6.584792]
fresh-1x100,97,1,59.538292,0.06276299999999946,0.06276299999999946,6.631291,158519872,380600320,334774272,281068504,5,1,0,97,97,0,[57.390958],[59.520792],[0],[6.626166]
fresh-1x100,98,1,60.203917,0.06378099999999964,0.06378099999999964,6.6315,158520128,380600320,334774272,285869016,5,1,0,98,98,0,[58.010042],[60.187542],[0],[6.629834]
fresh-1x100,99,1,63.75175,0.07048499999999969,0.07048499999999969,6.692208,158521024,380600320,334774272,281068504,5,1,0,99,99,0,[60.89],[63.737667],[0],[6.689292]
fresh-1x100,100,1,63.910208,0.06603400000000015,0.06603400000000015,6.606042,158515752,380600320,334774272,285869016,5,1,0,100,100,0,[61.694834],[63.895875],[0],[6.604583]
fresh-4x50,1,4,81.196333,0.0642875,0.25715,9.86475,632170312,640614400,69074944,32457664,5,1,0,4,4,0,"[78.548458,77.984583,74.803166,75.149]","[81.12875,80.335417,79.378833,79.481416]","[0,0,0,0]","[2.965209,6.146417,7.08775,9.861167]"
fresh-4x50,2,4,1091.9865,0.079847,0.319388,14.484792,632562904,1055555584,292880384,256230576,5,1,0,8,8,0,"[65.4725,81.336708,1087.874,63.009334]","[67.721125,83.4525,1091.896833,66.925417]","[0,0,0,0]","[4.621917,5.948125,14.43975,7.305959]"
fresh-4x50,3,4,98.350667,0.09008574999999999,0.36034299999999997,9.827666,632493952,1055358976,692240384,654394640,5,1,0,12,12,0,"[88.203708,96.155959,88.224333,94.399334]","[93.490125,98.320875,93.760875,97.060792]","[0,0,0,0]","[7.915292,9.824875,3.107209,8.880708]"
fresh-4x50,4,4,98.355709,0.09320100000000003,0.37280400000000014,8.060667,632504672,1193705472,1094385664,1054164432,5,1,0,16,16,0,"[84.172042,91.418125,89.923667,96.019916]","[90.786709,93.938834,92.502167,98.331083]","[0,0,0,0]","[3.652333,4.991959,5.890792,8.058416]"
fresh-4x50,5,4,96.367459,0.09562950000000003,0.38251800000000014,9.295291,632482408,1193574400,1101463552,1055606224,5,1,0,20,20,0,"[88.840833,88.811458,83.928833,90.336792]","[92.128708,96.328,90.765166,92.806875]","[0,0,0,0]","[9.268834,8.370875,7.496542,6.700417]"
fresh-4x50,6,4,90.064959,0.0876475000000001,0.3505900000000004,8.525,632309520,1193443328,1101545472,1053148624,5,1,0,24,24,0,"[86.454,84.335875,84.124375,83.955167]","[88.827125,87.983333,87.476,90.040542]","[0,0,0,0]","[3.323,8.508667,5.445084,7.379292]"
fresh-4x50,7,4,1093.393625,0.10250349999999997,0.4100139999999999,18.05125,632588392,1193312256,1101561856,1046070736,5,1,0,28,28,0,"[84.321292,1087.913375,79.740834,76.6355]","[86.761875,1093.347583,82.893792,79.957375]","[0,0,0,0]","[10.042083,17.984917,8.340125,6.470541]"
fresh-4x50,8,4,93.901542,0.08820424999999998,0.35281699999999994,11.579875,632457256,1193279488,1101660160,1046070736,5,1,0,32,32,0,"[90.951834,90.988792,87.486541,86.6155]","[93.815834,93.568959,91.569791,90.961833]","[0,0,0,0]","[9.841083,11.5585,10.68175,9.145541]"
fresh-4x50,9,4,87.447375,0.0833315,0.333326,10.755541,632294408,1193279488,1185529856,1121732096,5,1,0,36,36,0,"[83.905458,84.023708,81.001333,85.031125]","[86.598291,86.768333,86.983416,87.429583]","[0,0,0,0]","[10.753125,9.726167,6.772875,4.364125]"
fresh-4x50,10,4,92.887958,0.08828875000000003,0.3531550000000001,8.631708,632542392,1293778944,1284014080,1223689776,5,1,0,40,40,0,"[90.706167,90.901083,86.198708,81.27025]","[92.805792,92.850958,89.293208,86.599583]","[0,0,0,0]","[4.351083,8.605541,6.623208,5.253125]"
fresh-4x50,11,4,88.477291,0.08854050000000002,0.3541620000000001,12.942375,632624568,1293647872,1284014080,1223427632,5,1,0,44,44,0,"[84.775958,84.095709,84.461459,84.002625]","[88.403375,88.073,87.999334,88.348292]","[0,0,0,0]","[12.022166,10.12125,11.122,12.925708]"
fresh-4x50,12,4,86.533666,0.08618524999999999,0.34474099999999996,12.027417,632398464,1293713408,1284046848,1224082992,5,1,0,48,48,0,"[83.97525,84.613166,82.173833,79.063292]","[86.137542,86.492375,85.820583,84.374625]","[0,0,0,0]","[12.021834,4.967,8.650417,9.498708]"
fresh-4x50,13,4,87.772208,0.08809050000000007,0.3523620000000003,10.793417,632578224,1293713408,1284063232,1218676272,5,1,0,52,52,0,"[84.866458,82.072833,82.667084,82.014083]","[87.708625,85.690833,86.0745,85.7475]","[0,0,0,0]","[9.674916,10.745875,7.566209,8.36725]"
fresh-4x50,14,4,90.529875,0.09059250000000008,0.3623700000000003,8.738208,632677208,1293713408,1284079616,1215612464,5,1,0,56,56,0,"[82.473916,78.847334,84.084083,88.497291]","[85.204666,83.394875,87.2275,90.509208]","[0,0,0,0]","[6.121666,7.74675,6.968084,8.735834]"
fresh-4x50,15,4,92.318583,0.09082125000000008,0.3632850000000003,10.369333,632490392,1293713408,1284145152,1218823752,5,1,0,60,60,0,"[89.862875,85.6525,81.255291,78.429583]","[92.242417,90.542208,88.32675,87.1605]","[0,0,0,0]","[10.345,8.674,9.496208,5.201125]"
fresh-4x50,16,4,92.70375,0.0889065,0.355626,7.917584,632490240,1293713408,1284243456,1224623688,5,1,0,64,64,0,"[82.826458,82.776208,86.244875,82.752667]","[86.897916,87.160583,92.640375,86.901208]","[0,0,0,0]","[7.060125,7.876542,4.6905,6.097791]"
fresh-4x50,17,4,85.292416,0.08403424999999998,0.3361369999999999,10.437458,632518816,1293713408,1284243456,1217660488,5,1,0,68,68,0,"[80.155541,77.536041,82.23275,82.024041]","[82.892083,82.133333,85.215125,84.608125]","[0,0,0,0]","[9.657958,7.727208,10.352667,8.836]"
fresh-4x50,18,4,95.274834,0.08753450000000007,0.3501380000000003,9.074958,632333800,1293713408,1284243456,1217660488,5,1,0,72,72,0,"[87.323875,87.454791,87.209792,87.426459]","[95.184792,94.461791,94.949209,95.041292]","[0,0,0,0]","[7.189042,6.455334,9.003917,5.716041]"
fresh-4x50,19,4,95.944458,0.08599500000000004,0.3439800000000002,6.627,632264016,1293713408,1284243456,1220838984,5,1,0,76,76,0,"[91.130583,94.031417,93.483125,90.484125]","[94.314,95.907667,95.751083,93.9585]","[0,0,0,0]","[5.783375,3.910625,6.605291,3.093583]"
fresh-4x50,20,4,90.740708,0.08516049999999997,0.3406419999999999,6.952833,632360600,1293746176,1284259840,1220838984,5,1,0,80,80,0,"[82.839334,82.968792,86.413375,84.557042]","[86.9865,90.702625,88.09,87.007125]","[0,0,0,0]","[3.017958,6.946042,4.529958,3.716875]"
fresh-4x50,21,4,92.848417,0.08449050000000002,0.3379620000000001,8.185708,632429936,1293746176,1284259840,1211876936,5,1,0,84,84,0,"[89.333125,89.862791,88.139416,88.559334]","[92.512208,92.5665,91.491791,92.817334]","[0,0,0,0]","[8.166208,6.205,7.398458,3.606959]"
fresh-4x50,22,4,90.324167,0.08391625000000014,0.33566500000000055,7.396791,632320424,1293746176,1285685248,1211778632,5,1,0,88,88,0,"[85.714042,82.787708,83.842542,87.452625]","[88.361125,90.28325,87.628042,90.06]","[0,0,0,0]","[6.69075,7.37325,3.528708,5.083666]"
fresh-4x50,23,4,93.9065,0.09024824999999992,0.3609929999999997,10.020834,632668344,1293746176,1285685248,1211844168,5,1,0,92,92,0,"[87.089833,86.256875,86.354375,87.948875]","[89.989208,89.668916,89.413416,93.8835]","[0,0,0,0]","[7.572,9.1455,8.318333,10.014208]"
fresh-4x50,24,4,88.816,0.08899374999999976,0.35597499999999904,12.57925,632631976,1293746176,1285685248,1174799944,5,1,0,96,96,0,"[86.048916,84.906167,86.860125,82.894834]","[88.302,88.293167,88.746208,86.860875]","[0,0,0,0]","[9.483083,11.60625,10.680417,12.574833]"
fresh-4x50,25,4,98.696792,0.09230000000000027,0.3692000000000011,9.971834,632592192,1293746176,1285685248,1173227080,5,1,0,100,100,0,"[96.1085,92.886958,85.285083,88.042417]","[98.655541,95.487,90.872667,94.160834]","[0,0,0,0]","[9.944125,7.991125,6.552208,7.113125]"
fresh-4x50,26,4,89.182917,0.08470049999999985,0.3388019999999994,8.385083,632597488,1293746176,1285685248,1170474568,5,1,0,104,104,0,"[82.44125,80.66825,80.330333,76.869458]","[85.376875,89.140792,83.759375,84.029416]","[0,0,0,0]","[6.2955,8.363084,5.424084,7.669417]"
fresh-4x50,27,4,93.745125,0.09046124999999972,0.36184499999999886,12.340416,632609024,1293746176,1285701632,1209861704,5,1,0,108,108,0,"[90.140209,91.007542,90.350958,88.494125]","[93.146042,93.702875,93.149583,92.461708]","[0,0,0,0]","[12.292541,11.465542,10.653875,9.148]"
fresh-4x50,28,4,86.395042,0.08499049999999997,0.3399619999999999,11.637083,632508768,1293746176,1285701632,1211827784,5,1,0,112,112,0,"[82.241417,83.127916,83.787709,82.269833]","[85.806917,86.129833,86.314209,85.480166]","[0,0,0,0]","[11.618875,6.792833,8.079959,10.604125]"
fresh-4x50,29,4,89.412834,0.08999349999999984,0.35997399999999935,11.8165,632501472,1293746176,1285701632,1201309256,5,1,0,116,116,0,"[84.676458,81.717334,84.660708,81.947917]","[88.359125,88.456084,89.234917,89.394542]","[0,0,0,0]","[11.784375,7.2225,10.953125,8.192]"
fresh-4x50,30,4,86.616,0.08491600000000021,0.33966400000000085,10.039584,632421592,1293778944,1285832704,1184351816,5,1,0,120,120,0,"[82.72325,82.14875,82.576916,82.517041]","[86.5445,86.230084,85.93825,86.295416]","[0,0,0,0]","[9.105042,7.985875,9.992458,7.078125]"
fresh-4x50,31,4,88.137584,0.08601975000000017,0.3440790000000007,10.05525,632597120,1394376704,1348796416,1205175928,5,1,0,124,124,0,"[85.969375,75.907458,80.8865,80.425792]","[88.055833,81.920458,84.369042,84.331167]","[0,0,0,0]","[9.067208,3.571375,9.942459,6.005708]"
fresh-4x50,32,4,88.54875,0.08945375000000011,0.35781500000000044,8.233667,632522824,1394343936,1348812800,1222411896,5,1,0,128,128,0,"[82.458917,82.399334,84.904708,82.421584]","[86.599083,86.74075,88.492667,87.08325]","[0,0,0,0]","[4.075916,2.771291,8.200792,7.436667]"
fresh-4x50,33,4,85.906958,0.08758949999999999,0.35035799999999995,12.347083,632571096,1394180096,1348812800,1193182840,5,1,0,132,132,0,"[81.544458,82.400958,81.50675,83.790584]","[85.066417,85.647458,85.063583,85.87325]","[0,0,0,0]","[9.93225,12.332042,11.51,10.802959]"
fresh-4x50,34,4,86.811416,0.08817500000000011,0.35270000000000046,11.383375,632572960,1394212864,1348829184,1259947640,5,1,0,136,136,0,"[82.968125,79.629334,81.513125,83.678541]","[86.732959,84.474959,85.249541,86.131541]","[0,0,0,0]","[10.57125,8.47625,9.691041,11.379042]"
fresh-4x50,35,4,91.162708,0.08408275000000032,0.33633100000000127,11.020125,632206128,1394212864,1374076928,1267254928,5,1,0,140,140,0,"[80.080084,83.260792,86.714375,82.288583]","[89.402959,90.797875,91.08375,89.37625]","[0,0,0,0]","[4.667334,4.395917,7.759417,11.011792]"
fresh-4x50,36,4,92.843708,0.09076549999999983,0.36306199999999933,7.176375,632607392,1394212864,1374076928,1273431696,5,1,0,144,144,0,"[84.5315,84.525792,82.842584,90.368875]","[86.840667,87.12775,87.044375,92.825666]","[0,0,0,0]","[5.488083,6.380375,2.889959,7.172916]"
fresh-4x50,37,4,86.560125,0.08941674999999982,0.3576669999999993,12.122041,632542200,1394180096,1374109696,1294239376,5,1,0,148,148,0,"[79.923959,83.431083,83.820458,83.270166]","[84.512459,86.126667,86.491083,85.703833]","[0,0,0,0]","[8.783542,12.102709,10.455667,11.298625]"
fresh-4x50,38,4,92.399208,0.08986325000000006,0.35945300000000024,9.729083,632642736,1394081792,1374109696,1301382800,5,1,0,152,152,0,"[82.991833,83.008916,83.119125,83.02775]","[86.441125,92.359791,86.403542,86.614333]","[0,0,0,0]","[7.056708,8.004708,8.869166,9.726291]"
fresh-4x50,39,4,87.426834,0.08809800000000001,0.35239200000000004,11.692625,632617456,1394049024,1374109696,1300399760,5,1,0,156,156,0,"[81.89725,84.4785,82.795041,80.414875]","[86.940708,87.298709,87.360083,85.926958]","[0,0,0,0]","[11.675208,10.484208,9.638917,6.084959]"
fresh-4x50,40,4,89.399459,0.08732525000000013,0.3493010000000005,8.782458,632511064,1394081792,1374109696,1297614480,5,1,0,160,160,0,"[82.919666,81.632167,80.787583,83.317875]","[84.789333,89.361167,83.823583,85.272458]","[0,0,0,0]","[8.744,7.95675,4.831333,5.560125]"
fresh-4x50,41,4,85.91325,0.0865330000000002,0.3461320000000008,11.621208,632560768,1394081792,1374126080,1281869456,5,1,0,164,164,0,"[81.692042,82.323291,81.357042,81.528]","[84.852125,85.130708,85.793792,85.162083]","[0,0,0,0]","[10.011917,11.584541,9.151,10.834]"
fresh-4x50,42,4,83.738458,0.08598324999999996,0.3439329999999998,11.855125,632592528,1394081792,1374126080,1296189072,5,1,0,168,168,0,"[79.409958,79.488084,78.125583,81.70125]","[82.613875,82.836625,81.106875,83.709292]","[0,0,0,0]","[10.989334,10.222375,9.392,11.849667]"
fresh-4x50,43,4,91.857458,0.0912655,0.365062,7.825208,632549048,1394049024,1374126080,1300366992,5,1,0,172,172,0,"[83.672416,89.13575,85.185625,83.859625]","[87.272875,91.815625,87.880291,87.473125]","[0,0,0,0]","[7.807334,6.210833,6.981333,5.145375]"
fresh-4x50,44,4,95.269042,0.09608900000000009,0.38435600000000036,9.9565,632471816,1394081792,1374191616,1300498064,5,1,0,176,176,0,"[90.277041,90.318792,90.284625,92.540917]","[94.055791,94.145959,94.044916,95.250792]","[0,0,0,0]","[9.94725,6.815333,8.313333,9.188375]"
fresh-4x50,45,4,96.658333,0.09260225000000011,0.37040900000000043,9.431833,632648400,1394114560,1374224384,1298056848,5,1,0,180,180,0,"[84.091792,94.385291,89.221333,92.220417]","[88.880125,96.620666,92.850041,94.158459]","[0,0,0,0]","[5.342042,8.688333,7.852542,9.429042]"
fresh-4x50,46,4,83.816667,0.0845589999999996,0.3382359999999984,11.636917,632562056,1394114560,1374240768,1292142224,5,1,0,184,184,0,"[81.59875,78.47275,78.338917,80.411458]","[83.746666,82.512625,82.464542,83.1935]","[0,0,0,0]","[8.405833,9.242375,11.609708,10.735208]"
fresh-4x50,47,4,89.008416,0.08752325000000027,0.3500930000000011,11.768125,632567528,1394114560,1374240768,1285490320,5,1,0,188,188,0,"[85.994166,82.74325,86.22175,81.841416]","[88.586291,86.974083,88.927917,87.017416]","[0,0,0,0]","[10.076375,11.729416,8.480208,6.951208]"
fresh-4x50,48,4,85.913584,0.08861775000000005,0.3544710000000002,13.105917,632594600,1394114560,1374240768,1302218384,5,1,0,192,192,0,"[82.1095,82.631667,82.502833,82.086333]","[85.49525,85.89025,85.707166,85.810125]","[0,0,0,0]","[10.582292,12.29075,13.052541,11.514875]"
fresh-4x50,49,4,89.08475,0.08727824999999978,0.3491129999999991,11.431167,632589624,1394114560,1374240768,1302218384,5,1,0,196,196,0,"[81.183875,86.25975,84.811917,81.416375]","[87.312291,89.047875,88.330459,86.827375]","[0,0,0,0]","[10.618375,9.776375,11.396458,8.911709]"
fresh-4x50,50,4,88.587375,0.08775750000000038,0.3510300000000015,10.093792,632589256,1394081792,1374289920,1302251152,5,1,0,200,200,0,"[84.055667,86.251,81.977208,82.309208]","[87.97175,88.540292,85.587583,85.371208]","[0,0,0,0]","[9.329917,10.046542,6.680833,7.574208]"
fresh-4x100,1,4,1131.999667,0.10066149999999999,0.40264599999999995,18.720334,632508056,649003008,70238208,33080256,5,1,0,4,4,0,"[1127.69625,124.145042,124.250333,123.9735]","[1131.873208,134.180375,134.080583,134.181167]","[0,0,0,0]","[18.69925,8.700625,12.640458,15.95875]"
fresh-4x100,2,4,1079.125834,0.07583650000000002,0.30334600000000006,11.884917,632506640,1051328512,304316416,265143448,5,1,0,8,8,0,"[138.00825,1076.737125,74.779666,81.094709]","[143.512208,1079.091958,83.86825,84.072334]","[0,0,0,0]","[9.873,11.85475,7.623875,5.536333]"
fresh-4x100,3,4,180.410833,0.1008915,0.403566,11.619833,632524312,1050968064,695205888,655656184,5,1,0,12,12,0,"[169.273833,176.39075,176.530459,116.977042]","[180.209375,180.365666,180.332167,119.87275]","[0,0,0,0]","[5.243167,11.592542,9.508416,7.096833]"
fresh-4x100,4,4,123.065416,0.10428325,0.417133,10.131125,632317816,1050804224,808468480,762594600,5,1,0,16,16,0,"[110.574167,121.078167,99.057,110.740041]","[119.954167,123.039667,106.239875,119.919708]","[0,0,0,0]","[4.032417,10.106666,8.12075,6.209417]"
fresh-4x100,5,4,155.571333,0.09025824999999998,0.36103299999999994,12.325125,632617320,1251999744,1092632576,1022395832,5,1,0,20,20,0,"[153.075833,136.274208,102.042667,129.765458]","[155.495833,139.141,105.664917,135.867041]","[0,0,0,0]","[12.320791,8.144042,10.469333,5.94225]"
fresh-4x100,6,4,95.049709,0.09149099999999999,0.36596399999999996,12.601459,632518280,1251835904,1099399168,1038599608,5,1,0,24,24,0,"[92.730166,89.255666,90.829958,89.098875]","[94.991291,93.611833,94.158625,93.676667]","[0,0,0,0]","[10.657208,12.557959,11.640916,9.742667]"
fresh-4x100,7,4,122.277834,0.10022549999999997,0.40090199999999987,6.706041,632023104,1251803136,1099481088,1013056952,5,1,0,28,28,0,"[107.000458,106.672917,115.51425,104.303875]","[121.192,121.107875,122.165584,121.465792]","[0,0,0,0]","[4.146958,5.388542,6.666458,3.103125]"
fresh-4x100,8,4,135.920958,0.09324300000000008,0.3729720000000003,10.778542,632574288,1251737600,1261305856,1167951408,5,1,0,32,32,0,"[131.989208,132.075667,99.783583,99.78925]","[135.847708,135.859458,102.621542,102.694]","[0,0,0,0]","[8.64525,10.74625,4.519,6.477583]"
fresh-4x100,9,4,105.136667,0.09813150000000004,0.39252600000000015,14.001459,632558440,1251672064,1261453312,1168098864,5,1,0,36,36,0,"[100.236625,100.158125,100.299208,90.376458]","[104.586416,105.096,104.63525,101.2655]","[0,0,0,0]","[10.244458,11.8765,13.900625,8.992167]"
fresh-4x100,10,4,102.122625,0.09579174999999995,0.3831669999999998,7.6425,632480864,1251672064,1261568000,1166132784,5,1,0,40,40,0,"[99.470291,87.023208,85.473917,91.255042]","[102.052166,92.678666,92.302625,94.206792]","[0,0,0,0]","[7.632792,3.882833,4.793917,5.6615]"
fresh-4x100,11,4,110.761083,0.09994225000000001,0.39976900000000004,8.97275,632551576,1251672064,1274134528,1169868336,5,1,0,44,44,0,"[96.122959,99.433625,92.436208,108.3595]","[100.205709,101.919583,97.151458,110.733125]","[0,0,0,0]","[4.69425,3.713625,2.937417,8.970166]"
fresh-4x100,12,4,93.77025,0.09277575000000016,0.3711030000000006,11.984375,632469384,1251639296,1274216448,1169868336,5,1,0,48,48,0,"[89.580167,90.648541,91.113875,90.512625]","[93.002125,93.531666,93.696416,93.163875]","[0,0,0,0]","[10.891542,10.063084,11.950584,9.19925]"
fresh-4x100,13,4,107.193625,0.09799800000000003,0.3919920000000001,7.276792,632299104,1251573760,1274298368,1161823816,5,1,0,52,52,0,"[104.134333,96.952,100.445209,91.679292]","[107.126208,105.50775,106.333542,104.479875]","[0,0,0,0]","[7.250542,6.240791,4.80475,4.260292]"
fresh-4x100,14,4,95.5215,0.08980975000000013,0.35923900000000053,12.929375,632286952,1251409920,1274347520,1151878728,5,1,0,56,56,0,"[91.64375,92.03075,92.426,91.631917]","[95.149458,94.794417,95.426458,95.460917]","[0,0,0,0]","[12.895875,11.999459,11.093667,10.085416]"
fresh-4x100,15,4,102.31575,0.09477625,0.379105,11.239709,632633920,1251344384,1274347520,1150404168,5,1,0,60,60,0,"[98.437583,92.250959,99.393584,90.884833]","[102.243458,97.95525,102.226334,94.199333]","[0,0,0,0]","[8.78775,5.863375,11.183334,7.326667]"
fresh-4x100,16,4,100.61175,0.0954172499999999,0.3816689999999996,8.114708,632584856,1251377152,1274707968,1165755976,5,1,0,64,64,0,"[90.165541,91.823458,96.477583,90.2105]","[94.566083,95.894,100.53175,95.296667]","[0,0,0,0]","[6.405833,5.500083,8.062666,4.827541]"
fresh-4x100,17,4,100.013834,0.09387725000000002,0.3755090000000001,10.571292,632568256,1251409920,1274707968,1170835016,5,1,0,68,68,0,"[90.279167,96.460083,96.353459,88.12975]","[94.681333,99.9745,99.186792,93.641125]","[0,0,0,0]","[8.377333,6.967916,10.521625,5.667375]"
fresh-4x100,18,4,98.702625,0.09121099999999993,0.3648439999999997,9.962834,632386600,1251409920,1274757120,1156154952,5,1,0,72,72,0,"[93.681042,85.041375,96.001459,89.029042]","[98.620459,90.09025,98.6005,97.917042]","[0,0,0,0]","[9.93975,3.782709,7.781708,8.784458]"
fresh-4x100,19,4,108.375917,0.09673350000000003,0.3869340000000001,8.324209,632439224,1251409920,1274757120,1153123912,5,1,0,76,76,0,"[94.962375,98.959041,105.08225,90.698333]","[99.651333,106.013583,108.310625,95.154666]","[0,0,0,0]","[4.979708,5.767084,8.163,3.545625]"
fresh-4x100,20,4,105.352042,0.0992995000000001,0.3971980000000004,11.026125,632472632,1251409920,1274773504,1145701960,5,1,0,80,80,0,"[100.273208,100.446166,102.593,86.367334]","[103.265291,103.999083,105.276333,93.853834]","[0,0,0,0]","[8.069834,8.997416,10.986375,3.236583]"
fresh-4x100,21,4,1085.887625,0.09873025000000002,0.3949210000000001,11.441083,631845696,1251475456,1274789888,1126352456,5,1,0,84,84,0,"[103.349209,1083.049875,92.194333,83.382042]","[105.565667,1085.844125,95.365042,88.045083]","[0,0,0,0]","[6.729125,11.398125,5.198708,3.9855]"
fresh-4x100,22,4,102.185458,0.08514500000000025,0.340580000000001,6.575084,632367912,1251606528,1274806272,1139508808,5,1,0,88,88,0,"[90.208209,94.268916,90.236208,91.041041]","[101.772209,102.155291,95.470583,95.890208]","[0,0,0,0]","[4.606417,6.571167,3.653083,5.534667]"
fresh-4x100,23,4,114.6505,0.09572549999999991,0.38290199999999963,6.667708,632332048,1251639296,1274871808,1143998024,5,1,0,92,92,0,"[99.903875,104.422791,94.964833,100.250084]","[107.456584,114.603833,107.460542,108.420459]","[0,0,0,0]","[5.519584,6.504709,4.161958,3.354459]"
fresh-4x100,24,4,96.566,0.09285299999999985,0.3714119999999994,11.073583,632367968,1251704832,1274888192,1136608840,5,1,0,96,96,0,"[92.070125,86.515625,88.434041,89.649125]","[96.478167,94.653958,94.959,96.119291]","[0,0,0,0]","[7.140375,11.029125,9.95025,8.258]"
fresh-4x100,25,4,106.999167,0.09142125000000023,0.3656850000000009,9.027834,632279912,1251704832,1274888192,1137165896,5,1,0,100,100,0,"[103.742167,94.549416,94.633208,94.671875]","[106.966875,103.310833,102.298875,100.410333]","[0,0,0,0]","[9.014625,4.321792,6.28325,5.440084]"
fresh-4x100,26,4,95.18975,0.08960100000000004,0.35840400000000017,12.618625,632423248,1251770368,1274888192,1137165896,5,1,0,104,104,0,"[90.383875,90.585375,90.574625,91.259292]","[95.14,94.849583,94.805709,94.87]","[0,0,0,0]","[11.658917,12.592875,10.636084,9.709708]"
fresh-4x100,27,4,111.336792,0.09751775000000018,0.3900710000000007,8.977375,632336768,1251770368,1274953728,1140770376,5,1,0,108,108,0,"[101.5435,97.175542,108.437083,101.454125]","[105.6725,105.58925,111.250958,105.871917]","[0,0,0,0]","[7.882833,6.327375,8.928375,5.897708]"
fresh-4x100,28,4,107.950166,0.09695049999999972,0.38780199999999887,8.760958,632554592,1251901440,1274953728,1115080264,5,1,0,112,112,0,"[105.027917,91.512541,98.157791,96.265334]","[107.831,98.400791,102.783375,102.816792]","[0,0,0,0]","[8.720917,5.029958,3.831125,6.447416]"
fresh-4x100,29,4,112.101042,0.09954924999999992,0.3981969999999997,9.274709,632439776,1352564736,1312784384,1197360736,5,1,0,116,116,0,"[102.037083,106.260333,108.533209,105.09225]","[111.821125,111.921333,112.033,111.835208]","[0,0,0,0]","[4.412709,6.282709,9.220416,8.235791]"
fresh-4x100,30,4,93.973208,0.0929000000000002,0.3716000000000008,10.163625,632539000,1352564736,1312800768,1199392352,5,1,0,120,120,0,"[87.325834,89.156708,90.88425,87.090959]","[91.855959,92.879167,93.876208,91.302334]","[0,0,0,0]","[5.50575,7.359083,10.086958,6.427042]"
fresh-4x100,31,4,1084.911875,0.1000589999999999,0.4002359999999996,11.9475,632425696,1352564736,1310064640,1205552736,5,1,0,124,124,0,"[104.315708,1081.836083,106.463459,104.966791]","[110.902958,1084.866333,111.381625,110.322833]","[0,0,0,0]","[6.827208,11.938709,4.514417,8.470917]"
fresh-4x100,32,4,1091.25675,0.09704649999999981,0.38818599999999925,13.873125,632669248,1352564736,1310081024,1160349280,5,1,0,128,128,0,"[1087.992792,87.085416,87.305417,81.619917]","[1091.208333,89.96525,89.616417,85.457209]","[0,0,0,0]","[13.837416,7.626958,6.536875,5.481292]"
fresh-4x100,33,4,1076.891708,0.0845229999999999,0.3380919999999996,9.198083,632329808,1352564736,1312194560,1196181088,5,1,0,132,132,0,"[94.738125,96.085125,1074.721416,91.57125]","[98.404959,98.615792,1076.813625,98.311125]","[0,0,0,0]","[4.876584,3.381542,9.141583,6.01625]"
fresh-4x100,34,4,125.807125,0.09963824999999993,0.3985529999999997,11.052792,632410288,1352564736,1312194560,1204815456,5,1,0,136,136,0,"[119.128333,123.528667,120.575,116.0105]","[122.933375,125.756542,123.138125,122.806875]","[0,0,0,0]","[7.023916,10.216,11.001542,6.041625]"
fresh-4x100,35,4,107.364375,0.09405700000000028,0.3762280000000011,8.133458,632411728,1352630272,1312194560,1197622880,5,1,0,140,140,0,"[104.585375,91.4115,100.755375,104.591458]","[107.018958,93.648375,105.805875,107.33775]","[0,0,0,0]","[7.03825,3.465583,8.090333,5.901125]"
fresh-4x100,36,4,107.950959,0.09852550000000004,0.3941020000000002,13.156042,632431592,1352597504,1312194560,1198638688,5,1,0,144,144,0,"[100.503417,100.632875,100.622583,96.33675]","[106.913792,107.031708,106.8815,107.925042]","[0,0,0,0]","[6.670333,7.892125,13.04125,10.201166]"
fresh-4x100,37,4,103.520125,0.09270425000000015,0.3708170000000006,7.538292,632447728,1352564736,1312194560,1196164704,5,1,0,148,148,0,"[94.435125,94.785542,99.505,88.853875]","[96.6435,96.660875,103.427417,94.571917]","[0,0,0,0]","[4.079,7.495625,6.527541,3.2645]"
fresh-4x100,38,4,101.986917,0.08510300000000015,0.3404120000000006,6.429167,632329224,1352466432,1312210944,1201145440,5,1,0,152,152,0,"[90.525542,89.975625,99.337833,89.693084]","[94.495583,97.2685,101.893041,95.264375]","[0,0,0,0]","[3.588708,4.427292,6.390084,5.56925]"
fresh-4x100,39,4,103.928458,0.09368474999999998,0.37473899999999993,11.747292,632601144,1352466432,1312260096,1200178784,5,1,0,156,156,0,"[99.681917,99.827917,99.706166,99.985416]","[103.724042,103.828208,103.178291,103.906333]","[0,0,0,0]","[9.875209,10.776375,8.507125,11.744292]"
fresh-4x100,40,4,97.649375,0.09224675000000016,0.3689870000000006,10.809917,632544752,1352466432,1312260096,1200359008,5,1,0,160,160,0,"[91.464125,88.05575,94.546375,94.516291]","[97.519458,95.079,97.216917,97.632041]","[0,0,0,0]","[6.08125,7.759459,8.623875,10.807042]"
fresh-4x100,41,4,101.400459,0.09497350000000004,0.3798940000000002,10.600709,632707264,1352433664,1312260096,1189070432,5,1,0,164,164,0,"[99.325709,96.487125,91.711084,86.37025]","[101.302375,99.116167,94.389,91.620459]","[0,0,0,0]","[10.585208,9.666541,6.832125,3.701083]"
fresh-4x100,42,4,94.4375,0.09025749999999988,0.3610299999999995,10.912667,632495232,1352433664,1312260096,1190151776,5,2,0,168,168,0,"[89.854375,89.399625,92.063041,87.195625]","[93.392542,93.145166,94.388666,92.035541]","[0,0,0,0]","[9.040792,10.779292,8.033333,10.003666]"
fresh-4x100,43,4,93.300208,0.08826625000000021,0.35306500000000085,12.361541,632532408,1352368128,1312260096,1197999712,5,1,0,172,172,0,"[88.33925,88.566375,88.249875,88.600042]","[92.275875,93.262042,91.584084,91.949209]","[0,0,0,0]","[11.19575,10.209,8.991583,12.358833]"
fresh-4x100,44,4,104.574167,0.09452250000000006,0.37809000000000026,7.163083,632144104,1352335360,1312260096,1202636384,5,1,0,176,176,0,"[101.452625,93.959917,93.696083,93.859416]","[104.440542,102.500292,102.296166,102.483833]","[0,0,0,0]","[6.262084,4.347625,7.13275,5.238292]"
fresh-4x100,45,4,111.846417,0.09650925000000043,0.38603700000000174,9.804625,632303000,1352138752,1312260096,1198818912,5,1,0,180,180,0,"[92.02925,102.0805,92.630084,101.240042]","[107.438875,111.80625,107.541042,111.381167]","[0,0,0,0]","[8.327833,5.963791,3.67875,9.796458]"
fresh-4x100,46,4,115.829375,0.09753075000000067,0.39012300000000266,9.693334,632639896,1352138752,1312260096,1202177632,5,1,0,184,184,0,"[112.918458,101.490458,107.911541,101.506542]","[115.780958,108.898375,114.105125,108.911958]","[0,0,0,0]","[9.675417,6.5,7.452708,5.513334]"
fresh-4x100,47,4,152.6305,0.10011625000000013,0.4004650000000005,12.5895,632330304,1352171520,1312292864,1202865760,5,1,0,188,188,0,"[149.624542,145.797209,123.406667,150.293917]","[151.980167,151.749709,148.721709,152.604042]","[0,0,0,0]","[9.656375,7.727291,2.914125,12.58675]"
fresh-4x100,48,4,112.094458,0.09388299999999994,0.37553199999999975,8.842458,632377808,1352204288,1314390016,1178076768,5,1,0,192,192,0,"[98.44925,105.240417,109.51575,99.37975]","[106.199208,111.297084,111.828125,105.745958]","[0,0,0,0]","[5.924208,8.816333,7.951333,5.369667]"
fresh-4x100,49,4,112.381125,0.08776600000000023,0.35106400000000093,6.997125,632254752,1352237056,1314406400,1176438368,5,1,0,196,196,0,"[94.390292,110.185458,95.516416,93.66925]","[97.841333,112.335291,98.688875,97.947333]","[0,0,0,0]","[3.9005,4.898542,5.84925,6.992875]"
fresh-4x100,50,4,124.05925,0.09011875000000025,0.360475000000001,8.481292,631963552,1352400896,1314504704,1193035360,5,1,0,200,200,0,"[112.6755,93.54075,112.542875,93.787833]","[123.987542,117.166875,124.01925,117.381916]","[0,0,0,0]","[6.841292,7.426833,7.425375,8.478208]"
fresh-4x100,51,4,1124.711583,0.09723249999999961,0.38892999999999844,7.938875,632430320,1352466432,1314521088,1193051744,5,1,0,204,204,0,"[134.108125,133.922958,1122.574125,115.443542]","[136.739083,137.116917,1124.609916,126.165667]","[0,0,0,0]","[2.881542,3.760667,7.886791,4.847333]"
fresh-4x100,52,4,108.301042,0.10087650000000004,0.40350600000000014,10.56425,632619416,1352466432,1314521088,1191609952,5,1,0,208,208,0,"[101.267584,104.689708,106.348042,98.458958]","[103.786375,107.220375,108.208792,101.972542]","[0,0,0,0]","[9.214208,10.537833,8.133709,7.292416]"
fresh-4x100,53,4,96.655458,0.09064424999999954,0.36257699999999815,11.731666,632400184,1352499200,1314521088,1189480032,5,1,0,212,212,0,"[92.684584,94.318625,92.825041,94.947875]","[95.761917,96.610708,95.2185,96.613042]","[0,0,0,0]","[8.386541,9.292583,5.759042,11.727]"
fresh-4x100,54,4,94.78025,0.09320575000000009,0.37282300000000035,12.06775,632455936,1352499200,1314521088,1192117856,5,1,0,216,216,0,"[90.862917,85.71875,92.050833,85.721791]","[94.279583,92.595042,94.709375,92.085625]","[0,0,0,0]","[12.041458,9.505958,11.110959,9.107917]"
fresh-4x100,55,4,101.906333,0.09288549999999951,0.37154199999999804,10.333667,632653528,1352531968,1314521088,1188578912,5,1,0,220,220,0,"[93.548542,90.910833,90.674666,99.237917]","[96.263959,98.549625,94.914291,101.878958]","[0,0,0,0]","[3.718083,5.877417,6.728542,10.323875]"
fresh-4x100,56,4,96.908584,0.0896984999999999,0.3587939999999996,8.235209,632323536,1352564736,1314521088,1191855712,5,1,0,224,224,0,"[87.818708,87.963167,87.791417,87.980166]","[95.969667,96.02575,96.836208,96.027958]","[0,0,0,0]","[5.920084,4.820292,7.012084,8.23225]"
fresh-4x100,57,4,92.326,0.08630925000000023,0.3452370000000009,10.491959,632503760,1352466432,1314521088,1188316768,5,1,0,228,228,0,"[85.442042,90.066875,88.512458,86.656125]","[90.896542,92.286208,91.529208,91.451167]","[0,0,0,0]","[7.3725,6.854875,10.470167,9.578667]"
fresh-4x100,58,4,93.38525,0.09115675000000056,0.36462700000000225,9.737958,632468256,1352466432,1314570240,1190856288,5,1,0,232,232,0,"[86.170875,86.706875,85.522084,90.528542]","[90.192333,91.04525,90.732625,93.357625]","[0,0,0,0]","[6.627709,7.60975,8.69625,9.734834]"
fresh-4x100,59,4,98.949083,0.08775249999999968,0.3510099999999987,8.711375,632312840,1352466432,1316667392,1190528608,5,1,0,236,236,0,"[95.199416,86.663167,88.604458,86.63375]","[98.896291,95.051125,96.925167,96.532791]","[0,0,0,0]","[8.695666,7.4075,6.403625,5.687291]"
fresh-4x100,60,4,107.960625,0.09558199999999939,0.38232799999999756,7.5135,632291352,1352499200,1316749312,1179174496,5,1,0,240,240,0,"[100.83275,102.062167,104.918125,94.078625]","[106.1815,105.803417,107.892208,99.667333]","[0,0,0,0]","[5.608,6.495125,7.481125,3.165458]"
fresh-4x100,61,4,105.427792,0.09532849999999993,0.3813139999999997,6.916875,632456456,1352499200,1316749312,1159480928,5,1,0,244,244,0,"[97.983208,101.349792,95.550541,90.3235]","[102.58775,105.370333,102.595625,99.838458]","[0,0,0,0]","[5.311042,3.114917,6.839625,4.33725]"
fresh-4x100,62,4,116.103459,0.09781800000000018,0.39127200000000073,9.756125,632128448,1352499200,1316749312,1163708000,5,1,0,248,248,0,"[111.850042,107.703,107.468958,112.660209]","[116.074042,113.24375,113.190917,115.9835]","[0,0,0,0]","[9.731375,3.304333,7.088583,9.244292]"
fresh-4x100,63,4,119.221583,0.10049850000000049,0.40199400000000196,10.167958,632640224,1352564736,1316749312,1138640480,5,1,0,252,252,0,"[107.806333,116.908625,104.145166,105.029875]","[111.302042,119.170166,108.536833,109.72425]","[0,0,0,0]","[5.284208,10.159916,4.21775,3.170125]"
fresh-4x100,64,4,116.922541,0.10127150000000018,0.4050860000000007,9.654167,632397432,1352564736,1316749312,1159579232,5,1,0,256,256,0,"[111.35725,106.30025,111.512958,102.187334]","[116.739417,111.599375,116.858083,109.305084]","[0,0,0,0]","[7.291541,8.3655,9.557917,6.686292]"
fresh-4x100,65,4,95.558875,0.09266724999999987,0.37066899999999947,11.613542,632499256,1352630272,1316749312,1191757408,5,1,0,260,260,0,"[91.285,91.166291,91.196416,91.105542]","[95.494792,95.385375,94.796875,94.765333]","[0,0,0,0]","[10.753042,9.736708,11.562708,8.900417]"
fresh-4x100,66,4,101.070375,0.09481200000000012,0.3792480000000005,10.15025,632567624,1352663040,1316749312,1184482912,5,1,0,264,264,0,"[97.554291,97.436334,89.550666,89.91325]","[100.991291,100.760792,98.140833,97.955]","[0,0,0,0]","[6.5205,10.126,7.390083,4.451791]"
fresh-4x100,67,4,96.987875,0.09259850000000025,0.370394000000001,8.720709,632511040,1352630272,1316749312,1179174496,5,1,0,268,268,0,"[91.135,87.682291,89.145208,93.560708]","[93.928375,91.896666,92.630458,96.96375]","[0,0,0,0]","[7.947167,6.248208,5.083708,8.717875]"
fresh-4x100,68,4,117.388,0.10044199999999925,0.401767999999997,9.415959,632488008,1352597504,1316749312,1184941664,5,1,0,272,272,0,"[101.481292,109.942209,114.558084,101.235458]","[111.371042,115.782792,117.300125,111.037333]","[0,0,0,0]","[4.135416,3.324667,9.355792,5.147542]"
fresh-4x100,69,4,114.861333,0.10289349999999953,0.4115739999999981,11.91825,632380512,1352335360,1316749312,1171687008,5,1,0,276,276,0,"[111.331542,110.523792,110.408375,111.334125]","[113.982667,114.04325,113.448291,114.821]","[0,0,0,0]","[10.88725,9.645916,11.862208,8.030417]"
fresh-4x100,70,4,114.937458,0.08405050000000003,0.3362020000000001,7.633375,632103048,1352335360,1316749312,1196590688,5,1,0,280,280,0,"[107.816375,109.588458,106.319958,106.526291]","[112.818875,114.878583,112.44825,112.506666]","[0,0,0,0]","[7.552083,3.867833,6.050958,5.403584]"
fresh-4x100,71,4,117.370208,0.0888377500000006,0.3553510000000024,11.225042,632133480,1352400896,1316618240,1183647328,5,1,0,284,284,0,"[112.201292,108.753542,108.850875,107.326167]","[117.342959,116.796584,116.764334,116.831292]","[0,0,0,0]","[4.6695,9.02975,11.187916,6.409667]"
fresh-4x100,72,4,115.484375,0.09226875000000057,0.36907500000000226,10.109333,632203144,1352400896,1316700160,1196607072,5,1,0,288,288,0,"[107.348959,109.574167,100.239416,103.785792]","[113.67175,115.437958,112.173,113.702084]","[0,0,0,0]","[4.2475,10.068167,7.861833,5.750791]"
fresh-4x100,73,4,94.139625,0.0920987499999999,0.3683949999999996,13.503708,632574568,1352433664,1316700160,1191642720,5,1,0,292,292,0,"[91.650834,90.210917,89.534083,86.210208]","[94.065875,93.483625,93.556042,92.572875]","[0,0,0,0]","[12.387416,13.48125,10.177291,11.060875]"
fresh-4x100,74,4,103.910583,0.09077275000000018,0.3630910000000007,7.62275,632392824,1352564736,1316732928,1194231392,5,1,0,296,296,0,"[95.431541,93.427792,97.224291,93.441417]","[102.19075,102.683167,103.854041,103.265583]","[0,0,0,0]","[5.525,6.406334,7.596417,4.641167]"
fresh-4x100,75,4,119.723333,0.09541574999999991,0.38166299999999964,6.169667,632248376,1352564736,1316749312,1160218208,5,1,0,300,300,0,"[109.268334,109.606541,107.432416,106.107709]","[117.702167,119.681625,117.676125,118.32225]","[0,0,0,0]","[3.496833,6.128667,5.150291,4.486334]"
fresh-4x100,76,4,1093.029875,0.09910025000000022,0.3964010000000009,9.7755,632629712,1352564736,1316765696,1185023584,5,1,0,304,304,0,"[111.214875,1089.985375,97.146875,95.348334]","[113.666875,1092.987625,102.858041,102.240834]","[0,0,0,0]","[5.4515,9.752917,6.736208,4.3595]"
fresh-4x100,77,4,94.509875,0.09171024999999933,0.3668409999999973,12.43375,632603752,1352597504,1316765696,1191216736,5,1,0,308,308,0,"[85.823584,92.190083,90.394458,91.177292]","[90.947459,94.462583,93.328833,93.421167]","[0,0,0,0]","[9.610208,11.472042,10.576375,12.4285]"
fresh-4x100,78,4,97.435583,0.09446624999999997,0.3778649999999999,11.01275,632550392,1352597504,1316765696,1188890208,5,1,0,312,312,0,"[93.049875,93.809333,94.131583,85.560916]","[97.3555,96.607833,96.74825,92.346]","[0,0,0,0]","[9.324375,8.352917,10.975791,7.553875]"
fresh-4x100,79,4,105.431208,0.08912224999999996,0.35648899999999983,7.678417,632375000,1352597504,1316765696,1188890208,5,1,0,316,316,0,"[101.115083,92.923125,93.176333,93.829667]","[105.3175,102.153167,102.846875,103.718]","[0,0,0,0]","[6.683417,5.335334,7.651584,3.46275]"
fresh-4x100,80,4,1095.176666,0.09743124999999964,0.38972499999999854,12.083583,632383304,1352433664,1316765696,1191954016,5,1,0,320,320,0,"[1092.392459,95.073458,100.928792,88.770542]","[1095.063459,97.804167,103.022917,92.954167]","[0,0,0,0]","[12.04475,4.03925,5.642083,7.116375]"
fresh-4x100,81,4,101.786,0.08893849999999937,0.35575399999999746,11.154708,632378720,1352663040,1316765696,1187972704,5,1,0,324,324,0,"[95.781792,95.845875,94.312792,94.333417]","[101.693583,101.141625,100.084375,100.2165]","[0,0,0,0]","[10.287583,8.43825,11.101333,9.297]"
fresh-4x100,82,4,107.355167,0.09593525000000014,0.38374100000000055,7.931375,632310192,1352663040,1316765696,1181091424,5,1,0,328,328,0,"[101.787167,101.717583,102.469791,99.004083]","[106.178208,107.311083,106.193583,104.237916]","[0,0,0,0]","[6.895375,7.916417,5.839375,4.940375]"
fresh-4x100,83,4,92.772666,0.09054174999999987,0.36216699999999946,11.064833,632531536,1352531968,1316782080,1192003168,5,1,0,332,332,0,"[88.732,85.583625,85.157333,90.466]","[91.344375,91.047334,90.998875,92.744917]","[0,0,0,0]","[11.02975,9.311833,6.324417,10.187292]"
fresh-4x100,84,4,101.642125,0.09166499999999989,0.36665999999999954,9.750667,632634360,1352564736,1316782080,1191806560,5,1,0,336,336,0,"[86.177458,86.28025,92.197458,96.377584]","[90.000541,90.054333,99.437,101.614375]","[0,0,0,0]","[4.882125,3.908333,6.013833,9.74675]"
fresh-4x100,85,4,108.443875,0.0988414999999998,0.3953659999999992,12.008709,632589096,1352630272,1316782080,1194313312,5,1,0,340,340,0,"[103.8175,106.165083,102.044959,97.987167]","[107.247708,108.403791,106.660584,106.253625]","[0,0,0,0]","[9.94525,11.97875,10.906667,4.322584]"
fresh-4x100,86,4,96.210958,0.09393649999999987,0.37574599999999947,12.282292,632523984,1352597504,1316782080,1198540384,5,1,0,344,344,0,"[92.70425,89.247042,89.372292,89.293084]","[96.153584,96.177125,95.521459,95.746459]","[0,0,0,0]","[11.328959,7.307959,12.226958,7.833833]"
fresh-4x100,87,4,91.555416,0.08623000000000047,0.3449200000000019,8.924667,632461992,1352531968,1316782080,1196279392,5,1,0,348,348,0,"[86.858541,82.702875,84.822125,81.914292]","[91.488333,89.460542,89.436167,88.396583]","[0,0,0,0]","[6.868584,8.003125,5.567375,8.922208]"
fresh-4x100,88,4,96.615125,0.09394824999999862,0.3757929999999945,13.375792,632547544,1352531968,1316847616,1196263008,5,1,0,352,352,0,"[85.09975,93.15675,89.892916,89.673208]","[93.699125,96.569291,93.124666,93.540708]","[0,0,0,0]","[6.359708,13.322458,12.335958,7.40475]"
fresh-4x100,89,4,103.540875,0.08656850000000027,0.3462740000000011,8.290583,632234776,1352531968,1316847616,1202030176,5,1,0,356,356,0,"[93.542833,93.472625,94.390625,94.278917]","[103.000333,103.503959,103.0215,103.018667]","[0,0,0,0]","[6.234625,5.18425,8.266875,7.264416]"
fresh-4x100,90,4,100.301667,0.09356924999999983,0.3742769999999993,11.392916,632517224,1352531968,1316847616,1202062944,5,1,0,360,360,0,"[87.91075,87.95725,93.132333,90.171792]","[94.127291,94.171584,100.216583,96.106834]","[0,0,0,0]","[4.079,6.280292,11.342042,8.360125]"
fresh-4x100,91,4,146.403167,0.1071825000000004,0.4287300000000016,9.569834,632541368,1352564736,1316847616,1190626912,5,1,0,364,364,0,"[135.668333,127.981,143.786833,128.190958]","[139.887667,134.860834,146.333416,135.085166]","[0,0,0,0]","[6.367917,4.552958,9.518125,5.535583]"
fresh-4x100,92,4,133.595417,0.11158150000000155,0.4463260000000062,9.000791,632653576,1352466432,1316864000,1198507616,5,1,0,368,368,0,"[120.109542,128.79975,115.387792,126.855583]","[126.563417,133.556291,122.167042,130.198875]","[0,0,0,0]","[4.628291,8.899917,3.631959,6.544459]"
fresh-4x100,93,4,118.506292,0.10384475000000037,0.4153790000000015,10.885625,632568608,1352466432,1316831232,1170048608,5,1,0,372,372,0,"[116.272584,106.788875,114.9165,100.702333]","[118.406125,116.75525,118.434209,107.209125]","[0,0,0,0]","[8.656875,6.048292,10.87175,4.039833]"
fresh-4x100,94,4,221.270375,0.10161249999999988,0.40644999999999953,15.014458,632106816,1352466432,1315815424,1188873824,5,1,0,376,376,0,"[210.423833,216.702667,199.035334,200.645834]","[219.262167,220.456125,211.960792,213.309709]","[0,0,0,0]","[9.8195,14.955625,7.426375,12.423916]"
fresh-4x100,95,4,166.797792,0.10631225000000022,0.4252490000000009,13.346667,632310920,1352466432,1315684352,1190102624,5,1,0,380,380,0,"[156.844416,158.741459,150.0475,139.37625]","[166.77075,166.256,163.748583,152.024833]","[0,0,0,0]","[13.29725,10.593459,8.056875,4.984208]"
fresh-4x100,96,4,144.282375,0.10554724999999898,0.42218899999999593,10.462167,632315000,1352466432,1315618816,1200932448,5,1,0,384,384,0,"[129.117917,140.002916,131.461834,128.690792]","[143.201125,144.228375,142.759125,142.008042]","[0,0,0,0]","[8.068583,10.431542,4.33025,5.991708]"
fresh-4x100,97,4,111.858208,0.09554099999999899,0.38216399999999595,11.617542,632394376,1352466432,1312997376,1191888480,5,1,0,388,388,0,"[102.060583,98.715834,106.360292,104.766791]","[110.039917,107.985875,111.819333,110.076541]","[0,0,0,0]","[11.599375,5.007583,7.256583,9.43825]"
fresh-4x100,98,4,121.783042,0.09817549999999997,0.3927019999999999,10.679,632124744,1352499200,1304985600,1187694176,5,1,0,392,392,0,"[109.497375,100.99925,111.24975,116.430709]","[120.137292,120.741333,119.635334,121.754834]","[0,0,0,0]","[8.500541,3.947,5.625292,10.675291]"
fresh-4x100,99,4,116.32125,0.09721099999999971,0.38884399999999886,9.201834,632362432,1352531968,1305034752,1188955744,5,1,0,396,396,0,"[111.74475,109.505333,109.307375,114.474291]","[114.784708,113.380541,112.70825,116.295833]","[0,0,0,0]","[5.843916,9.179625,4.723291,7.4045]"
fresh-4x100,100,4,131.332125,0.0961337499999999,0.3845349999999996,12.178416,632191752,1352531968,1315897344,1185678944,5,1,0,400,400,0,"[113.594958,119.793,128.746583,116.008792]","[125.366917,126.633584,131.264542,124.0205]","[0,0,0,0]","[7.548,6.178584,12.126583,4.532791]"
snapshot-cycle-1x50,1,1,636.411167,0.5647139999999999,0.5647139999999999,6.753958,450377472,460816384,485474304,448185352,5,1,0,2,2,0,[54.8205],[128.968459],[444.492667],[6.743166]
snapshot-cycle-1x50,2,1,723.451708,0.6208130000000001,0.6208130000000001,11.442375,450426680,574095360,600080384,552895592,5,1,0,4,4,0,[61.45775],[138.116916],[515.693958],[11.430958]
snapshot-cycle-1x50,3,1,635.23425,0.608609,0.608609,11.617292,450432208,674725888,701136896,590972104,5,1,0,6,6,0,[62.279083],[130.36175],[434.746917],[11.609084]
snapshot-cycle-1x50,4,1,660.627292,0.59694,0.59694,38.687083,450455432,674693120,701497344,598885576,5,1,0,8,8,0,[78.81075],[125.350417],[448.303333],[38.678083]
snapshot-cycle-1x50,5,1,567.327542,0.5933220000000001,0.5933220000000001,8.578292,450460296,674627584,701497344,575358152,5,1,0,10,10,0,[72.125208],[131.570458],[355.406875],[8.572]
snapshot-cycle-1x50,6,1,594.511916,0.5795809999999997,0.5795809999999997,8.458334,450453856,674627584,701513728,612336840,5,1,0,12,12,0,[63.453875],[127.451167],[395.475042],[8.452375]
snapshot-cycle-1x50,7,1,609.11875,0.5804170000000006,0.5804170000000006,9.746959,450455784,674562048,701530112,576373960,5,1,0,14,14,0,[61.633791],[125.067292],[413.823625],[9.738084]
snapshot-cycle-1x50,8,1,688.347125,0.6143679999999998,0.6143679999999998,38.503084,450481120,674496512,701464576,599049416,5,1,0,16,16,0,[71.830708],[153.741583],[454.481958],[38.465958]
snapshot-cycle-1x50,9,1,583.01525,0.5936810000000001,0.5936810000000001,8.618542,450491424,674529280,701464576,576849096,5,1,0,18,18,0,[76.816583],[127.326167],[371.156834],[8.61175]
snapshot-cycle-1x50,10,1,592.091167,0.5875200000000005,0.5875200000000005,8.3435,450495976,674496512,701497344,600523976,5,1,0,20,20,0,[62.960959],[132.296625],[388.761083],[8.338]
snapshot-cycle-1x50,11,1,615.367375,0.5821379999999996,0.5821379999999996,9.027167,450486608,674496512,701497344,576586952,5,1,0,22,22,0,[60.477792],[123.340208],[423.615208],[9.016166]
snapshot-cycle-1x50,12,1,563.227125,0.5665830000000005,0.5665830000000005,29.649042,450475144,674496512,701497344,600491208,5,1,0,24,24,0,[61.794],[124.557375],[369.002625],[29.643125]
snapshot-cycle-1x50,13,1,547.492167,0.5687949999999997,0.5687949999999997,8.237584,450509224,674496512,701497344,576685256,5,1,0,26,26,0,[60.56825],[130.675375],[348.249875],[8.231542]
snapshot-cycle-1x50,14,1,552.315042,0.5690000000000008,0.5690000000000008,8.425166,450488456,674496512,701513728,600491208,5,1,0,28,28,0,[63.915291],[121.893375],[358.484916],[8.418167]
snapshot-cycle-1x50,15,1,582.560375,0.575189,0.575189,9.035334,450525536,674463744,701513728,576226504,5,1,0,30,30,0,[65.7055],[125.489375],[383.196084],[9.030375]
snapshot-cycle-1x50,16,1,574.615084,0.5803510000000003,0.5803510000000003,18.658958,450514688,674463744,701530112,600212680,5,1,0,32,32,0,[62.232667],[125.358708],[379.046416],[18.646]
snapshot-cycle-1x50,17,1,545.142917,0.5667989999999996,0.5667989999999996,8.5425,450521416,674463744,701530112,576226504,5,1,0,34,34,0,[62.26475],[122.849042],[352.127458],[8.537625]
snapshot-cycle-1x50,18,1,564.127042,0.577064,0.577064,8.671917,450522560,674430976,701546496,600229064,5,1,0,36,36,0,[61.50075],[122.8275],[372.089958],[8.666583]
snapshot-cycle-1x50,19,1,593.068458,0.5732769999999991,0.5732769999999991,8.421375,450522040,674430976,701546496,576177352,5,1,0,38,38,0,[62.63025],[124.120584],[398.52575],[8.41525]
snapshot-cycle-1x50,20,1,569.167959,0.5764969999999998,0.5764969999999998,25.057541,450519232,674430976,701546496,600261832,5,1,0,40,40,0,[69.336958],[125.514417],[366.375833],[25.048167]
snapshot-cycle-1x50,21,1,575.487084,0.5865479999999987,0.5865479999999987,8.58075,450518560,674430976,701546496,576849096,5,1,0,42,42,0,[62.116917],[137.710166],[367.737792],[8.572125]
snapshot-cycle-1x50,22,1,569.535542,0.5753939999999993,0.5753939999999993,8.523583,450538792,674365440,701546496,600704200,5,1,0,44,44,0,[67.719166],[125.572958],[368.039208],[8.513]
snapshot-cycle-1x50,23,1,587.946667,0.5667170000000006,0.5667170000000006,9.413167,450545032,674365440,701546496,577062088,5,1,0,46,46,0,[62.632625],[122.2515],[395.306042],[9.404916]
snapshot-cycle-1x50,24,1,573.326417,0.5701970000000003,0.5701970000000003,22.195875,450545416,674365440,701546496,600704200,5,1,0,48,48,0,[64.905125],[121.682958],[378.804792],[22.188333]
snapshot-cycle-1x50,25,1,559.460875,0.5801949999999998,0.5801949999999998,8.73025,450541192,674365440,701546496,576586952,5,1,0,50,50,0,[60.763083],[124.53475],[365.897125],[8.720667]
snapshot-cycle-1x50,26,1,584.689791,0.5840209999999999,0.5840209999999999,8.95,450547312,674365440,701546496,600278216,5,1,0,52,52,0,[65.498167],[127.568167],[383.627],[8.944083]
snapshot-cycle-1x50,27,1,632.662167,0.5986840000000004,0.5986840000000004,6.498916,450541416,674398208,701562880,576292040,5,1,0,54,54,0,[62.784916],[132.957208],[428.805334],[6.487042]
snapshot-cycle-1x50,28,1,588.250083,0.5999110000000005,0.5999110000000005,9.055333,450521856,674398208,701562880,600294600,5,1,0,56,56,0,[73.081792],[134.616083],[372.488],[9.039291]
snapshot-cycle-1x50,29,1,612.371666,0.611857999999998,0.611857999999998,9.056291,450551128,674398208,701579264,576160968,5,1,0,58,58,0,[70.011375],[136.583833],[397.624291],[9.046208]
snapshot-cycle-1x50,30,1,605.359084,0.5922149999999995,0.5922149999999995,24.385666,450555528,674398208,701612032,600392904,5,1,0,60,60,0,[69.097542],[123.944833],[404.0635],[24.376792]
snapshot-cycle-1x50,31,1,543.123042,0.5693909999999995,0.5693909999999995,8.694375,450548560,674430976,701612032,576554184,5,1,0,62,62,0,[61.240084],[123.744542],[350.11825],[8.690084]
snapshot-cycle-1x50,32,1,551.851333,0.5763990000000021,0.5763990000000021,9.950667,450543144,674398208,701612032,600360136,5,1,0,64,64,0,[64.792166],[123.667],[355.390875],[9.931125]
snapshot-cycle-1x50,33,1,575.046,0.5856170000000027,0.5856170000000027,9.664541,450560856,674398208,701612032,576406728,5,1,0,66,66,0,[62.0325],[131.222166],[374.263292],[9.655209]
snapshot-cycle-1x50,34,1,598.730625,0.5860669999999999,0.5860669999999999,33.591083,450549088,674398208,701612032,600507592,5,1,0,68,68,0,[65.931334],[157.246],[367.596667],[33.583875]
snapshot-cycle-1x50,35,1,722.289666,0.625943999999997,0.625943999999997,9.282792,450561736,674365440,701677568,577586376,5,1,0,70,70,0,[67.286583],[130.376625],[516.484625],[9.277958]
snapshot-cycle-1x50,36,1,581.457666,0.5975940000000008,0.5975940000000008,17.240833,450561592,674365440,701808640,600556768,5,1,0,72,72,0,[63.319416],[142.539333],[367.84825],[17.226416]
snapshot-cycle-1x50,37,1,694.451625,0.6501149999999996,0.6501149999999996,9.549708,450579680,674299904,701808640,580715744,5,1,0,74,74,0,[88.762833],[133.71075],[463.949417],[9.537]
snapshot-cycle-1x50,38,1,714.370417,0.5969149999999992,0.5969149999999992,49.186875,450570656,674332672,701808640,600376544,5,1,0,76,76,0,[65.538541],[131.85375],[508.879791],[49.177916]
snapshot-cycle-1x50,39,1,624.014041,0.6256750000000011,0.6256750000000011,9.8065,450592488,674234368,701825024,580830432,5,1,0,78,78,0,[89.36625],[129.586125],[397.225583],[9.794333]
snapshot-cycle-1x50,40,1,545.462792,0.5678760000000018,0.5678760000000018,9.8275,450583976,674234368,701825024,600540384,5,1,0,80,80,0,[62.116959],[123.796625],[351.451458],[9.821875]
snapshot-cycle-1x50,41,1,585.555916,0.5777019999999986,0.5777019999999986,9.030542,450597072,674168832,701825024,585352416,5,1,0,82,82,0,[62.376],[126.820625],[388.25],[9.024791]
snapshot-cycle-1x50,42,1,604.669834,0.6114730000000002,0.6114730000000002,19.498625,450616608,774832128,789233664,589366568,5,1,0,84,84,0,[67.503958],[121.964958],[406.652708],[19.493083]
snapshot-cycle-1x50,43,1,536.27225,0.5624189999999984,0.5624189999999984,8.275791,450625232,774832128,789233664,619578664,5,1,0,86,86,0,[63.535583],[121.770459],[343.221333],[8.27025]
snapshot-cycle-1x50,44,1,543.4185,0.5669499999999985,0.5669499999999985,29.813708,450618824,774832128,789233664,583238952,5,1,0,88,88,0,[62.720667],[123.162542],[349.587875],[29.803834]
snapshot-cycle-1x50,45,1,562.989458,0.5768689999999985,0.5768689999999985,10.267416,450604640,774832128,789233664,607225128,5,1,0,90,90,0,[63.840083],[123.183583],[367.888667],[10.256833]
snapshot-cycle-1x50,46,1,554.375708,0.5657189999999979,0.5657189999999979,8.91325,450633976,774832128,789233664,594265384,5,1,0,92,92,0,[64.062625],[122.057334],[360.130292],[8.907625]
snapshot-cycle-1x50,47,1,585.063875,0.5683260000000026,0.5683260000000026,9.071875,450633208,774832128,789233664,613893416,5,1,0,94,94,0,[63.276542],[122.396417],[391.765666],[9.063834]
snapshot-cycle-1x50,48,1,559.277292,0.5744919999999993,0.5744919999999993,25.774208,450634768,774832128,789233664,592626984,5,1,0,96,96,0,[62.033833],[122.722375],[366.715709],[25.767375]
snapshot-cycle-1x50,49,1,554.002583,0.5818310000000011,0.5818310000000011,9.245958,450619352,774832128,789233664,615679272,5,1,0,98,98,0,[63.843333],[128.719875],[353.579042],[9.234916]
snapshot-cycle-1x50,50,1,566.78925,0.5866970000000009,0.5866970000000009,9.203459,450631840,774832128,789233664,592545064,5,1,0,100,100,0,[66.134583],[123.244958],[369.527917],[9.198833]
released-fresh-1x50,1,1,76.240541,0.071929,0.071929,2.010167,2305865672,2319024128,127221760,94946168,5,1,,,,,[70.023958],[76.200667],[0],[2.001667]
released-fresh-1x50,2,1,49.803291,0.04575,0.04575,2.641958,2305890176,4466475008,351928320,319849696,5,1,,,,,[47.780084],[49.788917],[0],[2.639625]
released-fresh-1x50,3,1,53.224,0.05061200000000002,0.05061200000000002,2.350583,2305896448,6613925888,434454528,402540008,5,1,,,,,[51.281291],[53.211916],[0],[2.349125]
released-fresh-1x50,4,1,380.8395,0.275703,0.275703,2.818125,2305908312,6613893120,1798619136,2471889632,5,1,,,,,[378.121666],[380.817375],[0],[2.814208]
released-fresh-1x50,5,1,355.881958,0.253061,0.253061,2.728875,2305906752,6613893120,1935212544,4540960752,5,1,,,,,[353.497625],[355.851125],[0],[2.726041]
released-fresh-1x50,6,1,409.967959,0.2847329999999999,0.2847329999999999,4.43625,2305822816,6613893120,1914568704,4541042696,5,1,,,,,[405.572541],[409.953541],[0],[4.407458]
released-fresh-1x50,7,1,372.415792,0.284354,0.284354,4.32175,2305941424,6613893120,2007302144,4541042696,5,1,,,,,[369.61125],[372.397333],[0],[4.318584]
released-fresh-1x50,8,1,355.498041,0.2652699999999999,0.2652699999999999,3.355375,2305928640,6613893120,2011381760,4541108232,5,1,,,,,[352.301916],[355.477333],[0],[3.352041]
released-fresh-1x50,9,1,393.629375,0.2608520000000003,0.2608520000000003,3.073,2305916880,6613860352,2070757376,4541141000,5,1,,,,,[391.53625],[393.614292],[0],[3.070416]
released-fresh-1x50,10,1,336.202875,0.2597210000000001,0.2597210000000001,3.275542,2305923840,6613860352,2112716800,4541157384,5,1,,,,,[334.255792],[336.185958],[0],[3.27275]
released-fresh-1x50,11,1,346.113625,0.26417,0.26417,4.0175,2305923152,6613827584,2178220032,4541190152,5,1,,,,,[344.107541],[346.099833],[0],[4.0065]
released-fresh-1x50,12,1,414.908417,0.2851699999999999,0.2851699999999999,4.609875,2305955376,6613827584,2089451520,4541288456,5,2,,,,,[411.527625],[414.893792],[0],[4.602125]
released-fresh-1x50,13,1,420.023167,0.2963100000000001,0.2963100000000001,3.510584,2305975232,6613827584,1953988608,4541403144,5,1,,,,,[416.904],[420.003209],[0],[3.507333]
released-fresh-1x50,14,1,365.095084,0.28046000000000015,0.28046000000000015,2.9275,2305947104,6613827584,2123874304,4541485064,5,1,,,,,[362.649375],[365.079041],[0],[2.924584]
released-fresh-1x50,15,1,357.230083,0.2766529999999996,0.2766529999999996,3.316458,2305951400,6613827584,2162507776,4541501448,5,1,,,,,[354.588292],[357.209875],[0],[3.313583]
released-fresh-1x50,16,1,361.996334,0.27094799999999974,0.27094799999999974,3.36725,2305949880,6613827584,2123874304,4541616136,5,1,,,,,[359.838375],[361.968125],[0],[3.364334]
released-fresh-1x50,17,1,353.9745,0.2714949999999998,0.2714949999999998,3.203959,2305957432,6613827584,2246721536,4541616136,5,1,,,,,[351.680125],[353.958125],[0],[3.199125]
released-fresh-1x50,18,1,357.75175,0.2768649999999999,0.2768649999999999,3.756208,2305956488,6613794816,2304245760,4541616136,5,1,,,,,[355.639042],[357.725042],[0],[3.747208]
released-fresh-1x50,19,1,325.498584,0.25865000000000027,0.25865000000000027,3.203042,2305958832,6613794816,2737750016,4541616136,5,1,,,,,[323.5855],[325.4805],[0],[3.201666]
released-fresh-1x50,20,1,319.530084,0.24855099999999997,0.24855099999999997,3.23775,2305958272,6613794816,2749792256,4541648904,5,1,,,,,[317.664667],[319.510959],[0],[3.235541]
released-fresh-1x50,21,1,297.512625,0.2456719999999999,0.2456719999999999,3.161458,2305958056,6613794816,2754215936,4541648904,5,1,,,,,[295.569916],[297.497166],[0],[3.155917]
released-fresh-1x50,22,1,345.592375,0.26254199999999983,0.26254199999999983,3.365125,2305973680,6613794816,2737815552,4541648904,5,1,,,,,[343.466708],[345.575625],[0],[3.363]
released-fresh-1x50,23,1,339.969333,0.2703559999999996,0.2703559999999996,2.918833,2305987824,6613794816,2702868480,4541648904,5,1,,,,,[337.707916],[339.951916],[0],[2.917]
released-fresh-1x50,24,1,338.660542,0.26921200000000045,0.26921200000000045,3.779709,2305987584,6613794816,2726281216,4541681672,5,1,,,,,[336.62975],[338.643791],[0],[3.776834]
released-fresh-1x50,25,1,297.034375,0.23925000000000018,0.23925000000000018,3.122625,2305971192,6613794816,2838052864,4541681672,5,1,,,,,[295.109042],[297.019167],[0],[3.120833]
released-fresh-1x50,26,1,329.345458,0.2490560000000004,0.2490560000000004,3.234292,2305974176,6613794816,2808692736,4541681672,5,1,,,,,[327.364333],[329.32675],[0],[3.232292]
released-fresh-1x50,27,1,300.845042,0.24646300000000032,0.24646300000000032,3.070625,2305976672,6613794816,2857140224,4541681672,5,1,,,,,[299.085708],[300.831333],[0],[3.0685]
released-fresh-1x50,28,1,335.423833,0.2579589999999996,0.2579589999999996,3.285417,2305986912,6613794816,2802532352,4541796360,5,1,,,,,[333.484167],[335.407334],[0],[3.283]
released-fresh-1x50,29,1,314.902625,0.25868,0.25868,2.918083,2306003080,6613794816,2772058112,4541878280,5,1,,,,,[311.647375],[314.879292],[0],[2.914916]
released-fresh-1x50,30,1,350.488084,0.2781660000000006,0.2781660000000006,3.043167,2306000112,6613794816,2764668928,4541878280,5,1,,,,,[347.753583],[350.46575],[0],[3.0405]
released-fresh-1x50,31,1,311.589917,0.25674300000000017,0.25674300000000017,3.165542,2305995176,6613794816,2781659136,4541878280,5,1,,,,,[309.651042],[311.5745],[0],[3.162125]
released-fresh-1x50,32,1,353.032,0.2547169999999994,0.2547169999999994,2.978,2305986984,6613794816,2788786176,4542009352,5,1,,,,,[350.957917],[353.01675],[0],[2.974625]
released-fresh-1x50,33,1,311.395084,0.2541480000000007,0.2541480000000007,3.300458,2305997256,6613794816,2757574656,4542140424,5,1,,,,,[309.608],[311.375917],[0],[3.297833]
released-fresh-1x50,34,1,317.543708,0.25002699999999933,0.25002699999999933,3.25325,2305995480,6613794816,2779906048,4542140424,5,1,,,,,[315.746125],[317.527375],[0],[3.25175]
released-fresh-1x50,35,1,304.356292,0.2503410000000006,0.2503410000000006,3.468042,2305996440,6613794816,2796027904,4542140424,5,1,,,,,[302.162834],[304.3385],[0],[3.464375]
released-fresh-1x50,36,1,331.612541,0.2643569999999986,0.2643569999999986,3.285334,2305999704,6613794816,2822242304,4542140424,5,1,,,,,[329.762708],[331.599666],[0],[3.283542]
released-fresh-1x50,37,1,322.534333,0.2608530000000009,0.2608530000000009,3.415,2306000856,6613794816,2797879296,4542140424,5,1,,,,,[320.640375],[322.516042],[0],[3.405875]
released-fresh-1x50,38,1,311.222541,0.24761200000000017,0.24761200000000017,3.353041,2306000104,6613794816,2832564224,4542140424,5,1,,,,,[309.111333],[311.206875],[0],[3.350625]
released-fresh-1x50,39,1,302.349375,0.25480699999999956,0.25480699999999956,2.924541,2306012456,6613794816,2828910592,4542140424,5,1,,,,,[298.95725],[302.326625],[0],[2.92]
released-fresh-1x50,40,1,312.075625,0.24587999999999965,0.24587999999999965,3.075875,2306000112,6613794816,2896822272,4542140424,5,1,,,,,[310.17125],[312.059583],[0],[3.07425]
released-fresh-1x50,41,1,317.39175,0.25975399999999915,0.25975399999999915,3.7115,2305997640,6613794816,2870198272,4542140424,5,1,,,,,[314.638708],[317.375125],[0],[3.708459]
released-fresh-1x50,42,1,346.880875,0.278319999999999,0.278319999999999,3.152583,2305997008,6613794816,2834759680,4542140424,5,1,,,,,[344.381375],[346.867],[0],[3.149958]
released-fresh-1x50,43,1,298.776292,0.254054,0.254054,3.250292,2305994968,6613794816,2846556160,4542140424,5,1,,,,,[296.9675],[298.764166],[0],[3.248917]
released-fresh-1x50,44,1,319.054625,0.25602400000000003,0.25602400000000003,4.013625,2305999656,6613762048,2845474816,4542140424,5,1,,,,,[316.78525],[319.029875],[0],[4.008625]
released-fresh-1x50,45,1,304.842458,0.25537999999999883,0.25537999999999883,3.126708,2305984144,6613762048,2863398912,4542156808,5,1,,,,,[302.960417],[304.826542],[0],[3.125125]
released-fresh-1x50,46,1,301.944875,0.24593199999999982,0.24593199999999982,2.957833,2305992808,6613762048,2910699520,4542337032,5,1,,,,,[300.016583],[301.92975],[0],[2.955541]
released-fresh-1x50,47,1,285.809958,0.24167700000000103,0.24167700000000103,3.205583,2305986384,6613762048,2905882624,4542353416,5,1,,,,,[284.020583],[285.7965],[0],[3.202375]
released-fresh-1x50,48,1,333.103125,0.26321500000000064,0.26321500000000064,3.078667,2305988096,6613762048,2875637760,4542353416,5,1,,,,,[331.042],[333.083584],[0],[3.076959]
released-fresh-1x50,49,1,292.120041,0.24610100000000124,0.24610100000000124,3.168208,2305991280,6613762048,2893840384,4542353416,5,1,,,,,[290.223792],[292.108542],[0],[3.164125]
released-fresh-1x50,50,1,328.809208,0.2612260000000006,0.2612260000000006,2.942042,2305994584,6613762048,2872262656,4542353416,5,1,,,,,[326.233709],[328.7905],[0],[2.94]
released-snapshot-cycle-1x20,1,1,557.238875,0.555199,0.555199,7.316958,2160858416,4755849216,653803520,621348304,5,1,,,,,[57.394792],[125.290666],[366.531375],[7.305875]
released-snapshot-cycle-1x20,2,1,1077.359709,0.926855,0.926855,8.532375,2160884024,4755849216,2648686592,4761735176,5,1,,,,,[201.25475],[417.016458],[451.15425],[8.523041]
released-snapshot-cycle-1x20,3,1,1141.265375,0.9698269999999998,0.9698269999999998,8.373334,2160916816,6903300096,2614050816,4765995040,5,1,,,,,[311.183666],[427.830875],[394.597333],[8.364791]
released-snapshot-cycle-1x20,4,1,1254.529333,0.997252,0.997252,7.39225,2160919584,6903300096,2679095296,4764012600,5,1,,,,,[307.824333],[422.993666],[515.703167],[7.386083]
released-snapshot-cycle-1x20,5,1,1099.843375,0.9427439999999998,0.9427439999999998,6.392209,2160910816,6903300096,2711437312,4764766264,5,1,,,,,[295.832458],[396.108417],[400.335084],[6.382875]
released-snapshot-cycle-1x20,6,1,1150.534208,0.9642679999999997,0.9642679999999997,27.596791,2160925616,6903300096,2662187008,4753838136,5,1,,,,,[331.321291],[417.25575],[394.233458],[27.587375]
released-snapshot-cycle-1x20,7,1,1109.535209,0.9577229999999997,0.9577229999999997,7.2775,2160936968,6903267328,2657976320,4753870904,5,1,,,,,[320.6895],[398.539958],[382.658167],[7.271208]
released-snapshot-cycle-1x20,8,1,1137.36875,0.9722200000000001,0.9722200000000001,7.7685,2160941344,6903267328,2608381952,4753952824,5,1,,,,,[295.327166],[401.025959],[433.547584],[7.75875]
released-snapshot-cycle-1x20,9,1,1083.852583,0.9348170000000007,0.9348170000000007,6.507458,2160953088,6903267328,2654191616,4753903672,5,1,,,,,[310.31525],[395.171959],[370.804209],[6.501833]
released-snapshot-cycle-1x20,10,1,1137.430125,0.9455849999999995,0.9455849999999995,7.148166,2160957824,6903267328,2707603456,4754018360,5,1,,,,,[299.854875],[399.85675],[430.163416],[7.139375]
released-snapshot-cycle-1x20,11,1,1202.892,1.0021509999999996,1.0021509999999996,23.119625,2160933864,6903234560,2617049088,4754034744,5,1,,,,,[332.435458],[421.26125],[441.559458],[23.109083]
released-snapshot-cycle-1x20,12,1,1118.581416,0.9729519999999994,0.9729519999999994,8.641125,2160972048,6903234560,2663120896,4753936440,5,1,,,,,[314.214916],[400.693875],[395.740292],[8.633792]
released-snapshot-cycle-1x20,13,1,1129.721542,0.9767600000000005,0.9767600000000005,8.315917,2160959832,6903234560,2729066496,4763930680,5,1,,,,,[316.131125],[397.186666],[408.885875],[8.308417]
released-snapshot-cycle-1x20,14,1,1126.5285,0.9598889999999987,0.9598889999999987,30.561041,2160972456,6903234560,2728820736,4752150584,5,1,,,,,[300.20725],[403.499166],[415.106708],[30.55375]
released-snapshot-cycle-1x20,15,1,1078.944708,0.9506110000000003,0.9506110000000003,8.6495,2160983288,6903234560,2771304448,4764635216,5,1,,,,,[301.094375],[400.511667],[369.834916],[8.637791]
released-snapshot-cycle-1x20,16,1,1175.33425,0.968316999999999,0.968316999999999,8.894625,2160975112,6903234560,2680750080,4752068688,5,1,,,,,[307.824292],[471.769792],[388.08],[8.882167]
released-snapshot-cycle-1x20,17,1,1144.288209,0.9763850000000005,0.9763850000000005,9.122417,2160979224,6903201792,2706604032,4752134224,5,1,,,,,[322.002833],[396.222875],[418.569042],[9.112541]
released-snapshot-cycle-1x20,18,1,1244.256833,1.0282839999999993,1.0282839999999993,16.271958,2160987096,6903201792,2470068224,4752166992,5,1,,,,,[328.307917],[448.25175],[459.82875],[16.266333]
released-snapshot-cycle-1x20,19,1,1194.513,1.0186320000000002,1.0186320000000002,7.290958,2160992464,6903201792,2459680768,4751954000,5,1,,,,,[348.476083],[444.271],[394.117375],[7.286375]
released-snapshot-cycle-1x20,20,1,1094.920416,0.9674420000000019,0.9674420000000019,7.242458,2160996912,6903201792,2905882624,4752068688,5,1,,,,,[316.2755],[382.5685],[387.855292],[7.237083]
controlled-heap-fresh-1x50,1,1,101.047,0.08877,0.08877,2.373084,2305857152,2319024128,131219456,95060976,5,1,,,,,[93.827833],[101.003625],[0],[2.371209]
controlled-heap-fresh-1x50,2,1,63.72025,0.06515599999999999,0.06515599999999999,5.054416,2305871392,4466475008,355713024,319636776,5,1,,,,,[61.06625],[63.70175],[0],[5.051208]
controlled-heap-fresh-1x50,3,1,68.822042,0.072238,0.072238,6.531125,2305880000,6613958656,438403072,401704448,5,1,,,,,[66.349458],[68.808416],[0],[6.526708]
controlled-heap-fresh-1x50,4,1,383.117792,0.2855,0.2855,9.592291,2305890240,6613958656,1739210752,2471234344,5,1,,,,,[379.54],[383.101708],[0],[9.588334]
controlled-heap-fresh-1x50,5,1,364.285791,0.2704669999999999,0.2704669999999999,6.910125,2305895448,6613925888,1796718592,4540551272,5,1,,,,,[361.245542],[364.267625],[0],[6.907125]
controlled-heap-fresh-1x50,6,1,351.14575,0.282029,0.282029,7.156292,2305901048,6613925888,1811529728,4540747880,5,1,,,,,[348.526542],[351.133209],[0],[7.153708]
controlled-heap-fresh-1x50,7,1,385.986458,0.2893810000000001,0.2893810000000001,6.296542,2305897352,6613925888,1792344064,4540747880,5,1,,,,,[383.966291],[385.967083],[0],[6.293667]
controlled-heap-fresh-1x50,8,1,441.423542,0.28641499999999986,0.28641499999999986,3.024209,2305804792,6613925888,1663926272,4540764264,5,1,,,,,[367.91475],[441.402959],[0],[3.0205]
controlled-heap-fresh-1x50,9,1,507.965083,0.33878299999999983,0.33878299999999983,6.582375,2305942560,6613925888,1664319488,4540764264,5,1,,,,,[504.210708],[507.689958],[0],[6.579667]
controlled-heap-fresh-1x50,10,1,360.107625,0.2836040000000004,0.2836040000000004,6.199166,2305914632,6613860352,1751203840,4541091944,5,1,,,,,[357.843291],[360.094],[0],[6.196833]
controlled-heap-fresh-1x50,11,1,375.488667,0.293075,0.293075,7.474125,2305919952,6613860352,1769013248,4541091944,5,1,,,,,[372.941208],[375.474083],[0],[7.470708]
controlled-heap-fresh-1x50,12,1,360.457,0.2858679999999998,0.2858679999999998,6.291958,2305828752,6613860352,1789673472,4541091944,5,1,,,,,[358.153208],[360.44275],[0],[6.286583]
controlled-heap-fresh-1x50,13,1,349.478625,0.2671730000000001,0.2671730000000001,5.913042,2305917032,6613893120,1873281024,4541091944,5,1,,,,,[346.995875],[349.463584],[0],[5.910166]
controlled-heap-fresh-1x50,14,1,377.085083,0.2847200000000001,0.2847200000000001,6.577875,2305918488,6613860352,1896660992,4541091944,5,1,,,,,[374.758625],[377.072375],[0],[6.575125]
controlled-heap-fresh-1x50,15,1,354.016708,0.28348400000000007,0.28348400000000007,5.365708,2305932160,6613860352,1935327232,4541091944,5,1,,,,,[351.033],[354.005417],[0],[5.363041]
controlled-heap-fresh-1x50,16,1,358.848375,0.2876000000000003,0.2876000000000003,4.142667,2305957192,6613860352,1969455104,4541091944,5,1,,,,,[351.963],[358.825375],[0],[4.131792]
controlled-heap-fresh-1x50,17,1,366.110625,0.2826089999999999,0.2826089999999999,5.866875,2305921352,6613860352,1923399680,4541091944,5,1,,,,,[363.79425],[366.097291],[0],[5.862958]
controlled-heap-fresh-1x50,18,1,363.110542,0.2962790000000002,0.2962790000000002,6.790917,2305942728,6613860352,1938636800,4541272168,5,1,,,,,[359.061209],[363.098125],[0],[6.787125]
controlled-heap-fresh-1x50,19,1,383.031084,0.28663300000000014,0.28663300000000014,6.57075,2305927656,6613860352,1908375552,4541304936,5,1,,,,,[381.014333],[383.01775],[0],[6.56775]
controlled-heap-fresh-1x50,20,1,375.667459,0.2838240000000001,0.2838240000000001,5.774625,2305939504,6613827584,1892073472,4541321320,5,1,,,,,[373.245625],[375.651458],[0],[5.772333]
controlled-heap-fresh-1x50,21,1,366.170792,0.28940500000000036,0.28940500000000036,5.63775,2305958144,6613827584,1929019392,4541321320,5,1,,,,,[362.823041],[366.156958],[0],[5.634542]
controlled-heap-fresh-1x50,22,1,361.070625,0.29219499999999954,0.29219499999999954,7.609792,2305950040,6613794816,1991950336,4541321320,5,1,,,,,[358.766958],[361.058666],[0],[7.606958]
controlled-heap-fresh-1x50,23,1,346.233125,0.2780100000000001,0.2780100000000001,5.823959,2305949816,6613794816,2031009792,4541321320,5,1,,,,,[343.925333],[346.219333],[0],[5.821917]
controlled-heap-fresh-1x50,24,1,371.888875,0.30992400000000053,0.30992400000000053,8.688125,2305927368,6613794816,2177499136,4541321320,5,1,,,,,[367.401917],[371.873458],[0],[8.683583]
controlled-heap-fresh-1x50,25,1,352.744958,0.2770310000000009,0.2770310000000009,6.166166,2305947656,6613794816,2211872768,4541321320,5,1,,,,,[350.566583],[352.73],[0],[6.156542]
controlled-heap-fresh-1x50,26,1,332.269959,0.2784379999999995,0.2784379999999995,6.931833,2305961528,6613794816,2188656640,4541321320,5,1,,,,,[328.758666],[332.253875],[0],[6.928291]
controlled-heap-fresh-1x50,27,1,339.92675,0.2726059999999997,0.2726059999999997,6.84525,2305956152,6613794816,2212134912,4541321320,5,1,,,,,[337.556584],[339.911292],[0],[6.842958]
controlled-heap-fresh-1x50,28,1,328.395542,0.2682550000000008,0.2682550000000008,6.436083,2305950584,6613794816,2223489024,4541354088,5,1,,,,,[325.882458],[328.37975],[0],[6.430083]
controlled-heap-fresh-1x50,29,1,342.585875,0.27351299999999945,0.27351299999999945,6.778083,2305957520,6613794816,2250407936,4541370472,5,1,,,,,[340.612917],[342.572],[0],[6.774125]
controlled-heap-fresh-1x50,30,1,329.13425,0.272079999999999,0.272079999999999,6.812084,2305954456,6613794816,2279161856,4553298024,5,1,,,,,[326.816042],[329.11475],[0],[6.810417]
controlled-heap-fresh-1x50,31,1,358.849583,0.2840260000000008,0.2840260000000008,7.952875,2305953648,6613794816,2272493568,4553298024,5,1,,,,,[356.618083],[358.834083],[0],[7.950375]
controlled-heap-fresh-1x50,32,1,338.343083,0.27811200000000014,0.27811200000000014,6.9275,2305960016,6613794816,2268332032,4553314408,5,1,,,,,[335.808958],[338.330541],[0],[6.925625]
controlled-heap-fresh-1x50,33,1,354.967875,0.2901380000000007,0.2901380000000007,7.167958,2305960696,6613794816,2201239552,4553314408,5,1,,,,,[352.632458],[354.9545],[0],[7.16575]
controlled-heap-fresh-1x50,34,1,323.123291,0.2723059999999986,0.2723059999999986,8.549542,2305960904,6613794816,2203271168,4553314408,5,1,,,,,[320.802333],[323.108875],[0],[8.546708]
controlled-heap-fresh-1x50,35,1,360.668541,0.28586699999999965,0.28586699999999965,6.869,2305962624,6613794816,2254127104,4553314408,5,1,,,,,[358.202208],[360.654042],[0],[6.866458]
controlled-heap-fresh-1x50,36,1,335.880041,0.2779329999999991,0.2779329999999991,7.131459,2305961144,6613794816,2259697664,4553314408,5,1,,,,,[332.588125],[335.867958],[0],[7.12875]
controlled-heap-fresh-1x50,37,1,333.234,0.2734790000000018,0.2734790000000018,7.197666,2305963744,6613794816,2246311936,4553314408,5,1,,,,,[330.741667],[333.214334],[0],[7.191125]
controlled-heap-fresh-1x50,38,1,344.503167,0.28586899999999993,0.28586899999999993,8.06275,2305966496,6613794816,2281897984,4553314408,5,1,,,,,[342.09825],[344.484875],[0],[8.059333]
controlled-heap-fresh-1x50,39,1,340.274791,0.2802100000000003,0.2802100000000003,6.977542,2305969416,6613794816,2291580928,4553314408,5,1,,,,,[337.91825],[340.259959],[0],[6.974584]
controlled-heap-fresh-1x50,40,1,349.594041,0.2827079999999995,0.2827079999999995,8.432458,2305971024,6613794816,2250801152,4553330792,5,1,,,,,[347.316292],[349.574083],[0],[8.416125]
controlled-heap-fresh-1x50,41,1,337.309,0.2693639999999995,0.2693639999999995,6.24425,2305974424,6613794816,2266398720,4553330792,5,1,,,,,[335.017417],[337.296125],[0],[6.241042]
controlled-heap-fresh-1x50,42,1,360.703,0.2977380000000007,0.2977380000000007,6.368916,2305983352,6613762048,2219212800,4553330792,5,1,,,,,[357.103042],[360.685458],[0],[6.365458]
controlled-heap-fresh-1x50,43,1,337.08525,0.27226199999999956,0.27226199999999956,6.53975,2305969632,6613762048,2260893696,4553330792,5,1,,,,,[334.807166],[337.073208],[0],[6.534333]
controlled-heap-fresh-1x50,44,1,324.388541,0.2716580000000004,0.2716580000000004,6.098417,2305976400,6613762048,2278178816,4553330792,5,1,,,,,[321.919041],[324.373208],[0],[6.095791]
controlled-heap-fresh-1x50,45,1,339.305833,0.2760270000000009,0.2760270000000009,6.395417,2305977808,6613762048,2282586112,4553330792,5,1,,,,,[336.915333],[339.289875],[0],[6.392917]
controlled-heap-fresh-1x50,46,1,338.9835,0.27698099999999926,0.27698099999999926,5.602959,2305971200,6613762048,2261041152,4553330792,5,1,,,,,[335.744542],[338.970083],[0],[5.600209]
controlled-heap-fresh-1x50,47,1,368.379792,0.29950099999999935,0.29950099999999935,9.650209,2305982520,6613794816,2292072448,4553330792,5,2,,,,,[365.508125],[368.359],[0],[9.64525]
controlled-heap-fresh-1x50,48,1,338.019,0.2847610000000014,0.2847610000000014,7.860917,2305972872,6613794816,2345533440,4553347176,5,1,,,,,[335.624625],[338.002291],[0],[7.85575]
controlled-heap-fresh-1x50,49,1,337.296083,0.27727900000000005,0.27727900000000005,6.394958,2305972880,6613794816,2368176128,4553347176,5,1,,,,,[334.991583],[337.280458],[0],[6.392875]
controlled-heap-fresh-1x50,50,1,348.403667,0.28555300000000017,0.28555300000000017,7.485125,2305985320,6613794816,2310176768,4553347176,5,1,,,,,[346.193083],[348.387916],[0],[7.481875]
controlled-heap-snapshot-cycle-1x20,1,1,562.748667,0.576066,0.576066,10.4955,2160868088,4755881984,657326080,620479952,5,1,,,,,[59.42325],[138.184875],[356.565583],[10.482791]
controlled-heap-snapshot-cycle-1x20,2,1,1153.007,0.943724,0.943724,10.451125,2160890376,6903300096,2468577280,4761653304,5,1,,,,,[305.665875],[420.037667],[419.427458],[10.442125]
controlled-heap-snapshot-cycle-1x20,3,1,1194.510042,1.0134059999999998,1.0134059999999998,9.903959,2160915296,6903300096,2356641792,4758163512,5,1,,,,,[331.981875],[424.770458],[429.707917],[9.896958]
controlled-heap-snapshot-cycle-1x20,4,1,1182.247,0.9907760000000003,0.9907760000000003,22.637375,2160898496,6903267328,2354806784,4761784376,5,1,,,,,[302.951959],[427.683292],[443.583917],[22.628042]
controlled-heap-snapshot-cycle-1x20,5,1,1141.495875,0.9904739999999999,0.9904739999999999,8.961666,2160921456,6903267328,2305392640,4764438584,5,1,,,,,[307.34475],[445.795583],[381.052083],[8.95325]
controlled-heap-snapshot-cycle-1x20,6,1,1202.23825,1.0291429999999995,1.0291429999999995,9.0045,2160916792,6903267328,2181857280,4764684344,5,1,,,,,[326.524959],[437.010541],[429.829583],[8.993416]
controlled-heap-snapshot-cycle-1x20,7,1,1197.700083,1.014595,1.014595,7.221833,2160936200,6903267328,2226700288,4758769720,5,1,,,,,[327.736833],[417.433708],[444.593208],[7.217]
controlled-heap-snapshot-cycle-1x20,8,1,1206.539292,1.0221740000000006,1.0221740000000006,32.056417,2160939816,6903234560,2310586368,4758835256,5,1,,,,,[330.973208],[417.101875],[450.353167],[32.049875]
controlled-heap-snapshot-cycle-1x20,9,1,1163.503416,1.020410000000001,1.020410000000001,10.047167,2160956088,6903234560,2250604544,4759719992,5,1,,,,,[331.099417],[439.662583],[385.487667],[10.0375]
controlled-heap-snapshot-cycle-1x20,10,1,1145.266875,1.0001739999999995,1.0001739999999995,33.063708,2160968032,6903234560,2376237056,4759687248,5,1,,,,,[309.557625],[423.524125],[404.873],[33.0585]
controlled-heap-snapshot-cycle-1x20,11,1,1180.838333,1.0197380000000003,1.0197380000000003,10.91,2160942080,6903234560,2328150016,4759687248,5,1,,,,,[317.945333],[442.339834],[413.384375],[10.899542]
controlled-heap-snapshot-cycle-1x20,12,1,1153.106375,1.015089999999999,1.015089999999999,11.608083,2160969536,6903234560,2343911424,4759654480,5,1,,,,,[332.383625],[413.2965],[399.317041],[11.600834]
controlled-heap-snapshot-cycle-1x20,13,1,1211.05475,1.0212599999999998,1.0212599999999998,11.425625,2160954200,6903234560,2268053504,4758917200,5,1,,,,,[324.182958],[428.7675],[450.546708],[11.415875]
controlled-heap-snapshot-cycle-1x20,14,1,1146.209875,1.0141020000000012,1.0141020000000012,9.182791,2160970960,6903234560,2380890112,4759687248,5,1,,,,,[327.316167],[427.162916],[384.22125],[9.175]
controlled-heap-snapshot-cycle-1x20,15,1,1156.730041,1.0237810000000014,1.0237810000000014,11.681666,2160975440,6903201792,2371551232,4758933584,5,1,,,,,[326.586875],[428.044625],[394.740416],[11.664917]
controlled-heap-snapshot-cycle-1x20,16,1,1446.42025,1.110258,1.110258,8.834958,2160991648,6903234560,2036400128,4759687248,5,1,,,,,[429.313125],[462.960292],[531.36825],[8.820792]
controlled-heap-snapshot-cycle-1x20,17,1,1407.344334,1.0955069999999978,1.0955069999999978,30.840875,2160956136,6903234560,2113339392,4759670864,5,1,,,,,[366.952667],[511.533041],[520.773125],[30.833292]
controlled-heap-snapshot-cycle-1x20,18,1,1155.318625,1.0150100000000002,1.0150100000000002,10.842625,2160978720,6903234560,2279620608,4759687248,5,1,,,,,[337.125333],[431.290208],[379.575292],[10.834083]
controlled-heap-snapshot-cycle-1x20,19,1,1133.468167,1.0127919999999975,1.0127919999999975,11.546084,2160987920,6903234560,2424160256,4759703632,5,1,,,,,[317.621541],[409.506541],[398.7345],[11.5405]
controlled-heap-snapshot-cycle-1x20,20,1,1114.864667,0.9878710000000019,0.9878710000000019,11.391,2160992256,6903234560,2443427840,4759703632,5,1,,,,,[304.933083],[409.107292],[393.36075],[11.384]
