scenario,mode,tests,trial,index,entry_ms,prepare_ms,ready_ms,work_ms,close_ms,total_ms
fixture-1000,fork,10,0,0,109.17925,0,111.083667,1.485333,6.989666,119.558834
fixture-1000,fork,10,0,1,423.063334,0,425.131209,1.455667,6.983125,433.570167
fixture-1000,fork,10,0,2,417.452084,0,419.865667,1.512458,6.484666,427.863
fixture-1000,fork,10,0,3,401.251459,0,402.871917,1.388791,7.058708,411.319625
fixture-1000,fork,10,0,4,388.572292,0,390.832667,1.22675,6.969084,399.028709
fixture-1000,fork,10,0,5,392.324792,0,395.146417,3.353917,7.029334,405.529917
fixture-1000,fork,10,0,6,395.027458,0,397.651541,2.078792,7.006375,406.736875
fixture-1000,fork,10,0,7,408.617542,0,410.99625,1.53375,7.199792,419.730125
fixture-1000,fork,10,0,8,387.14375,0,389.465292,1.426417,6.912417,397.804375
fixture-1000,fork,10,0,9,393.690333,0,396.486292,1.5255,6.975292,404.98725
fixture-1000,fresh,10,0,0,1049.777041,10.525,1061.75225,1.995625,8.361041,1072.3855
fixture-1000,fresh,10,0,1,66.120542,5.023833,71.882875,1.111625,7.390583,80.38525
fixture-1000,fresh,10,0,2,54.853667,4.918791,60.38825,1.208958,7.240167,68.837667
fixture-1000,fresh,10,0,3,252.255666,5.841375,258.724458,1.098375,6.486625,266.309708
fixture-1000,fresh,10,0,4,338.030625,4.96725,343.573833,1.092708,7.230375,351.897166
fixture-1000,fresh,10,0,5,289.134292,5.020042,294.861583,1.299542,7.554292,303.715708
fixture-1000,fresh,10,0,6,346.26775,5.553167,352.494792,1.16025,7.258375,360.913667
fixture-1000,fresh,10,0,7,289.683417,4.710125,295.0025,1.116291,6.982708,303.10175
fixture-1000,fresh,10,0,8,320.72,4.548417,325.849208,1.13125,6.976,333.956667
fixture-1000,fresh,10,0,9,284.623458,4.7245,289.96225,1.216333,7.011833,298.190666
fixture-1000,fresh,10,1,0,41.408417,5.112875,47.290667,1.209292,7.377417,56.061958
fixture-1000,fresh,10,1,1,50.130167,4.595542,55.310792,1.162334,7.261584,63.734917
fixture-1000,fresh,10,1,2,52.5185,4.619792,57.769334,1.200417,7.241625,66.211542
fixture-1000,fresh,10,1,3,205.813209,4.829625,211.302209,1.500167,7.04025,219.842834
fixture-1000,fresh,10,1,4,370.497167,5.106333,376.395209,1.439917,7.311584,385.147
fixture-1000,fresh,10,1,5,269.774208,5.188875,275.630916,1.142042,6.98675,283.759916
fixture-1000,fresh,10,1,6,331.683917,4.483375,336.797208,1.103583,7.098375,344.999333
fixture-1000,fresh,10,1,7,278.841333,4.946833,284.494625,1.355667,7.221667,293.07225
fixture-1000,fresh,10,1,8,347.001833,5.462375,353.254125,1.222041,7.0535,361.529833
fixture-1000,fresh,10,1,9,295.972292,5.13875,301.811625,1.205583,6.721167,309.738667
fixture-1000,fork,10,1,0,108.190709,0,110.176417,1.314292,6.723791,118.214709
fixture-1000,fork,10,1,1,324.0775,0,325.730625,1.416959,7.071292,334.219083
fixture-1000,fork,10,1,2,375.510625,0,377.563958,1.2445,6.980583,385.789417
fixture-1000,fork,10,1,3,356.8265,0,359.866333,2.025667,7.067416,368.959625
fixture-1000,fork,10,1,4,385.3955,0,387.633334,1.424292,6.966417,396.02425
fixture-1000,fork,10,1,5,356.39525,0,359.125333,1.504084,6.928875,367.5585
fixture-1000,fork,10,1,6,385.233458,0,387.584833,1.362375,7.145291,396.092791
fixture-1000,fork,10,1,7,356.861875,0,359.713333,1.506792,7.503542,368.723875
fixture-1000,fork,10,1,8,381.700375,0,383.739542,1.530542,6.853084,392.123417
fixture-1000,fork,10,1,9,399.586916,0,401.274583,1.506833,7.090958,409.872541
fixture-1000,fork,10,2,0,105.586083,0,107.62125,1.376833,6.958875,115.957167
fixture-1000,fork,10,2,1,105.784917,0,107.856083,1.334333,6.901125,116.09175
fixture-1000,fork,10,2,2,298.607417,0,301.388917,1.438625,6.846125,309.673875
fixture-1000,fork,10,2,3,387.44725,0,389.562,2.004792,7.071792,398.638833
fixture-1000,fork,10,2,4,350.278333,0,353.057708,1.61225,7.06875,361.738958
fixture-1000,fork,10,2,5,386.342625,0,388.649417,1.333584,7.001542,396.984833
fixture-1000,fork,10,2,6,340.313792,0,342.845125,1.370959,7.153792,351.370083
fixture-1000,fork,10,2,7,386.09875,0,388.520667,1.314084,6.912584,396.7475
fixture-1000,fork,10,2,8,346.299833,0,348.832791,1.515083,6.986167,357.33425
fixture-1000,fork,10,2,9,380.345584,0,382.54175,1.3665,6.968125,390.876542
fixture-1000,fresh,10,2,0,40.98775,5.124084,47.382125,1.529833,7.389,56.505042
fixture-1000,fresh,10,2,1,51.978792,4.566417,57.34425,1.217042,7.191917,65.753458
fixture-1000,fresh,10,2,2,53.442458,4.665541,58.805333,1.422583,7.231541,67.459667
fixture-1000,fresh,10,2,3,191.534,4.581375,196.703166,1.062625,6.968375,204.734333
fixture-1000,fresh,10,2,4,339.437875,4.436083,344.485708,1.156833,7.181708,352.824541
fixture-1000,fresh,10,2,5,260.273291,4.651708,265.543541,1.29525,7.027042,273.866041
fixture-1000,fresh,10,2,6,328.212167,4.578,333.381292,1.130583,7.163458,341.675542
fixture-1000,fresh,10,2,7,262.5295,4.375,267.692209,1.324083,6.843708,275.86025
fixture-1000,fresh,10,2,8,325.303125,4.771167,330.762,1.085,6.822584,338.669875
fixture-1000,fresh,10,2,9,280.488542,4.722417,285.969584,1.306833,6.740167,294.016834
fixture-1000,fork,50,0,0,108.62375,0,110.43375,1.510958,6.936292,118.881208
fixture-1000,fork,50,0,1,279.79875,0,282.314542,1.377041,7.032667,290.7245
fixture-1000,fork,50,0,2,393.240084,0,395.490292,1.444208,7.013666,403.948375
fixture-1000,fork,50,0,3,334.022292,0,336.933417,1.576917,6.994,345.504584
fixture-1000,fork,50,0,4,377.805667,0,380.533875,1.45675,7.041084,389.032042
fixture-1000,fork,50,0,5,333.670792,0,336.587417,1.515334,6.893542,344.996542
fixture-1000,fork,50,0,6,380.35725,0,382.851708,1.103333,6.993125,390.948375
fixture-1000,fork,50,0,7,342.8515,0,345.615334,1.547083,6.909791,354.072584
fixture-1000,fork,50,0,8,387.120917,0,389.295042,1.420458,6.992083,397.707792
fixture-1000,fork,50,0,9,335.0405,0,338.129125,1.461209,6.551958,346.1425
fixture-1000,fork,50,0,10,390.648625,0,392.815459,1.266458,6.367416,400.449584
fixture-1000,fork,50,0,11,337.845167,0,340.944375,1.5725,6.931584,349.44875
fixture-1000,fork,50,0,12,381.309917,0,383.642375,1.334708,7.194208,392.171583
fixture-1000,fork,50,0,13,339.64925,0,342.40425,1.372625,6.834042,350.611333
fixture-1000,fork,50,0,14,388.23275,0,390.559625,1.562416,7.050875,399.173208
fixture-1000,fork,50,0,15,341.934458,0,345.03525,1.477375,6.942791,353.455625
fixture-1000,fork,50,0,16,382.989209,0,385.216292,1.382708,6.862791,393.462
fixture-1000,fork,50,0,17,341.192667,0,343.902959,1.527375,6.891,352.321542
fixture-1000,fork,50,0,18,384.145833,0,386.5715,1.402625,6.962334,394.936625
fixture-1000,fork,50,0,19,342.137417,0,344.819875,1.28025,6.866959,352.967292
fixture-1000,fork,50,0,20,382.191708,0,385.108458,1.531,6.968958,393.608625
fixture-1000,fork,50,0,21,347.762417,0,350.622625,1.533083,7.16175,359.317667
fixture-1000,fork,50,0,22,376.068,0,378.392292,1.243208,6.996209,386.631959
fixture-1000,fork,50,0,23,334.615084,0,337.703459,2.462208,6.894958,347.061042
fixture-1000,fork,50,0,24,378.339875,0,380.818959,1.538792,6.983083,389.341
fixture-1000,fork,50,0,25,336.314708,0,339.137667,1.320958,6.946958,347.405792
fixture-1000,fork,50,0,26,383.399167,0,385.82925,1.40275,6.914833,394.147083
fixture-1000,fork,50,0,27,339.316792,0,342.058208,1.468916,7.166958,350.694667
fixture-1000,fork,50,0,28,394.591875,0,396.765709,1.396375,7.131208,405.293584
fixture-1000,fork,50,0,29,409.513791,0,411.274333,1.366292,7.238459,419.879458
fixture-1000,fork,50,0,30,342.87175,0,345.225542,1.341834,6.909792,353.477375
fixture-1000,fork,50,0,31,375.308458,0,377.936417,1.250458,6.9285,386.115583
fixture-1000,fork,50,0,32,344.995417,0,347.382958,1.317375,6.720375,355.420875
fixture-1000,fork,50,0,33,382.996125,0,385.459542,1.425291,6.9165,393.801584
fixture-1000,fork,50,0,34,342.502584,0,345.044667,1.383792,6.66375,353.092584
fixture-1000,fork,50,0,35,373.509375,0,376.029917,1.292083,6.697458,384.019667
fixture-1000,fork,50,0,36,357.845833,0,360.026083,1.513042,6.998666,368.538
fixture-1000,fork,50,0,37,375.202208,0,377.4575,1.4635,6.946542,385.867708
fixture-1000,fork,50,0,38,364.26475,0,367.010417,1.420375,6.935583,375.366625
fixture-1000,fork,50,0,39,396.284125,0,398.073708,1.11975,7.106875,406.300666
fixture-1000,fork,50,0,40,401.155917,0,403.650333,1.417958,7.078042,412.146542
fixture-1000,fork,50,0,41,389.716208,0,391.151625,1.444875,6.99075,399.5875
fixture-1000,fork,50,0,42,360.679666,0,363.625541,1.4465,6.941875,372.014166
fixture-1000,fork,50,0,43,379.676083,0,381.97975,1.415,6.875417,390.270417
fixture-1000,fork,50,0,44,358.920208,0,361.857125,1.502916,6.916833,370.277042
fixture-1000,fork,50,0,45,379.596875,0,381.913,1.387458,6.915917,390.216625
fixture-1000,fork,50,0,46,355.137667,0,357.982208,1.515042,6.930625,366.428042
fixture-1000,fork,50,0,47,383.846833,0,386.14275,1.429083,9.098625,396.670667
fixture-1000,fork,50,0,48,363.746792,0,366.722584,1.481958,6.909667,375.114417
fixture-1000,fork,50,0,49,375.244083,0,377.605458,1.4305,6.865167,385.901375
fixture-1000,fresh,50,0,0,39.615792,4.86275,45.198458,1.175167,7.48375,54.055667
fixture-1000,fresh,50,0,1,49.7355,4.768666,55.081917,1.086209,7.166542,63.334875
fixture-1000,fresh,50,0,2,195.66525,4.565792,200.894667,1.310625,10.615542,212.821042
fixture-1000,fresh,50,0,3,358.366125,4.6435,363.638666,1.110125,7.012125,371.761125
fixture-1000,fresh,50,0,4,271.954334,4.834041,277.429709,1.234417,7.189583,285.853917
fixture-1000,fresh,50,0,5,315.358291,4.648042,320.600125,1.142625,7.187667,328.930583
fixture-1000,fresh,50,0,6,263.7625,4.828792,269.405709,1.246875,7.021958,277.67475
fixture-1000,fresh,50,0,7,324.786042,4.959916,330.388958,1.246958,7.207083,338.843208
fixture-1000,fresh,50,0,8,296.307875,4.998583,302.264917,1.217167,7.092167,310.5745
fixture-1000,fresh,50,0,9,344.32575,5.387208,350.403875,1.465333,7.724542,359.594542
fixture-1000,fresh,50,0,10,291.385333,4.699042,296.723625,1.188833,6.980833,304.8935
fixture-1000,fresh,50,0,11,325.651,5.117084,331.408542,1.188959,6.989417,339.587209
fixture-1000,fresh,50,0,12,268.631667,4.892,274.185167,1.105083,6.966625,282.257084
fixture-1000,fresh,50,0,13,325.117625,4.758583,330.49225,1.128458,7.076875,338.69775
fixture-1000,fresh,50,0,14,277.974208,4.609333,283.204875,1.366042,7.041125,291.612292
fixture-1000,fresh,50,0,15,326.714334,4.711041,332.039959,1.103042,6.930042,340.07325
fixture-1000,fresh,50,0,16,274.331292,4.729834,279.718625,1.175167,6.8905,287.7845
fixture-1000,fresh,50,0,17,318.712792,4.635459,324.007292,1.162125,7.165,332.334584
fixture-1000,fresh,50,0,18,274.057,4.438458,279.127042,1.175709,6.979709,287.282625
fixture-1000,fresh,50,0,19,319.941958,4.425208,324.967041,1.172458,6.933875,333.073541
fixture-1000,fresh,50,0,20,280.786583,4.579084,285.978542,0.966375,6.968292,293.913417
fixture-1000,fresh,50,0,21,321.352209,4.82475,326.854917,1.193875,7.146792,335.195792
fixture-1000,fresh,50,0,22,271.467791,4.661958,276.755291,1.098291,7.011667,284.865458
fixture-1000,fresh,50,0,23,329.255125,5.454959,335.342917,1.220959,7.057167,343.621292
fixture-1000,fresh,50,0,24,279.234458,4.810375,284.697666,1.158167,6.9915,292.8475
fixture-1000,fresh,50,0,25,332.393125,4.620667,337.654958,1.170458,6.701458,345.527083
fixture-1000,fresh,50,0,26,274.6975,5.0385,280.342292,1.341333,6.978334,288.662167
fixture-1000,fresh,50,0,27,322.162875,5.041125,328.024917,1.12575,6.47625,335.627125
fixture-1000,fresh,50,0,28,281.555541,4.712833,286.911541,0.988875,6.966625,294.86725
fixture-1000,fresh,50,0,29,333.586792,4.484291,338.696083,1.144833,7.295417,347.136625
fixture-1000,fresh,50,0,30,274.28225,4.870375,279.91625,1.291667,6.963875,288.172084
fixture-1000,fresh,50,0,31,326.09,5.471,332.181375,1.227833,6.982625,340.392167
fixture-1000,fresh,50,0,32,268.80925,5.067625,274.467167,1.226042,7.025958,282.719375
fixture-1000,fresh,50,0,33,321.981667,4.6995,327.327292,1.154417,7.002209,335.484167
fixture-1000,fresh,50,0,34,273.7515,4.592208,278.98275,1.144125,7.1255,287.252584
fixture-1000,fresh,50,0,35,319.537834,4.876125,325.027959,1.122792,6.948541,333.099542
fixture-1000,fresh,50,0,36,275.226792,4.8275,280.750584,1.825792,7.143459,289.720042
fixture-1000,fresh,50,0,37,320.276583,4.900709,325.883833,1.178166,6.94775,334.009958
fixture-1000,fresh,50,0,38,275.400042,4.643917,280.65975,1.071833,6.635625,288.367375
fixture-1000,fresh,50,0,39,329.838958,4.752041,335.24575,1.753917,7.691834,344.692041
fixture-1000,fresh,50,0,40,279.7895,4.499958,284.916541,1.178,7.231583,293.326333
fixture-1000,fresh,50,0,41,329.927958,4.855834,335.54175,1.279708,6.94825,343.770041
fixture-1000,fresh,50,0,42,279.36725,4.827083,284.907333,1.177291,7.039792,293.124667
fixture-1000,fresh,50,0,43,323.86925,5.02575,329.5605,1.118834,7.013583,337.693125
fixture-1000,fresh,50,0,44,274.235417,4.704917,279.508334,1.100334,7.123666,287.7325
fixture-1000,fresh,50,0,45,323.308167,4.581208,328.550917,1.101375,7.229667,336.882167
fixture-1000,fresh,50,0,46,280.071834,4.830042,285.571542,1.194791,6.980875,293.747417
fixture-1000,fresh,50,0,47,329.447625,5.120166,335.329792,1.36425,7.019875,343.71425
fixture-1000,fresh,50,0,48,281.425083,5.239375,287.3775,1.280584,7.269209,295.927667
fixture-1000,fresh,50,0,49,317.988542,4.681541,323.259959,1.169417,7.026,331.455667
fixture-1000,fresh,50,1,0,38.577125,4.957041,44.2175,1.542083,7.140834,53.087042
fixture-1000,fresh,50,1,1,51.091042,4.603292,56.34675,1.178875,7.279667,64.8055
fixture-1000,fresh,50,1,2,50.100583,4.71275,55.477333,1.186542,7.228917,63.893
fixture-1000,fresh,50,1,3,194.700167,5.113625,200.463584,1.136167,6.634,208.233917
fixture-1000,fresh,50,1,4,347.215375,4.406,352.262834,1.073417,7.12475,360.461125
fixture-1000,fresh,50,1,5,262.883375,4.961541,268.536208,1.255584,7.481459,277.273541
fixture-1000,fresh,50,1,6,319.68775,4.717375,325.01675,1.101459,7.162417,333.280875
fixture-1000,fresh,50,1,7,271.255875,4.6105,276.493708,1.100458,7.062583,284.656916
fixture-1000,fresh,50,1,8,336.876208,4.618959,342.196375,1.307,7.156208,350.659875
fixture-1000,fresh,50,1,9,284.6895,5.104667,290.493833,1.056,7.22275,298.772792
fixture-1000,fresh,50,1,10,348.841917,5.328375,354.890375,1.223583,7.364291,363.4785
fixture-1000,fresh,50,1,11,274.166167,5.59575,280.405209,1.144292,7.3175,288.867167
fixture-1000,fresh,50,1,12,325.834,4.891667,331.415,1.266834,7.01575,339.697833
fixture-1000,fresh,50,1,13,287.783625,4.621667,293.093042,1.159666,6.840917,301.093792
fixture-1000,fresh,50,1,14,332.25575,4.669667,337.552708,1.098209,7.033167,345.684291
fixture-1000,fresh,50,1,15,269.308708,4.713,274.623375,1.298708,7.104375,283.026875
fixture-1000,fresh,50,1,16,318.2205,4.698959,323.579709,1.150917,6.992916,331.723709
fixture-1000,fresh,50,1,17,268.343375,4.745167,273.728833,1.271042,7.0775,282.077667
fixture-1000,fresh,50,1,18,328.3765,4.939084,333.948584,1.060583,7.050042,342.059459
fixture-1000,fresh,50,1,19,276.68475,4.779708,282.084,1.1615,6.774666,290.020334
fixture-1000,fresh,50,1,20,326.2955,4.8465,331.824625,1.38575,7.058917,340.269458
fixture-1000,fresh,50,1,21,278.246917,4.54,283.393625,1.115125,7.123125,291.632042
fixture-1000,fresh,50,1,22,314.357917,5.358583,320.458334,1.14675,7.131875,328.737125
fixture-1000,fresh,50,1,23,277.870375,4.598916,283.1085,1.121375,7.013208,291.24325
fixture-1000,fresh,50,1,24,320.924,4.471375,325.970625,1.107917,6.978584,334.057333
fixture-1000,fresh,50,1,25,272.933584,4.779291,278.355875,1.664958,6.827208,286.84825
fixture-1000,fresh,50,1,26,335.985041,4.983542,341.650791,1.403791,7.293167,350.347958
fixture-1000,fresh,50,1,27,283.478083,4.803667,288.936083,1.153125,7.034792,297.124166
fixture-1000,fresh,50,1,28,330.818458,4.581791,336.07825,1.435958,7.269041,344.783458
fixture-1000,fresh,50,1,29,281.904334,4.935041,287.491542,1.102916,6.997333,295.591959
fixture-1000,fresh,50,1,30,328.408542,4.740209,333.869375,1.161041,6.564583,341.59525
fixture-1000,fresh,50,1,31,291.606417,4.820833,297.110375,1.265083,6.96675,305.342375
fixture-1000,fresh,50,1,32,331.121375,4.861125,336.721709,1.238959,7.215792,345.176667
fixture-1000,fresh,50,1,33,277.378459,5.135833,283.1695,1.135666,7.153958,291.459334
fixture-1000,fresh,50,1,34,317.5275,4.900916,323.153709,1.2455,6.910875,331.310292
fixture-1000,fresh,50,1,35,283.077208,4.990875,288.685792,1.266417,6.9715,296.923958
fixture-1000,fresh,50,1,36,324.021791,5.016791,329.7515,1.085916,6.983625,337.821333
fixture-1000,fresh,50,1,37,294.428209,4.670792,299.738542,1.17275,6.990792,307.90225
fixture-1000,fresh,50,1,38,322.164375,4.997959,327.822958,1.137708,7.104458,336.065375
fixture-1000,fresh,50,1,39,280.781791,4.673792,286.104125,1.116209,6.89675,294.11725
fixture-1000,fresh,50,1,40,324.02225,4.722417,329.380375,1.0945,6.902542,337.377625
fixture-1000,fresh,50,1,41,287.788334,5.011083,293.580292,1.247708,7.120792,301.949
fixture-1000,fresh,50,1,42,339.794083,5.984125,346.638542,1.357084,6.94125,354.937125
fixture-1000,fresh,50,1,43,289.589791,4.606,294.817083,1.1715,7.176667,303.165458
fixture-1000,fresh,50,1,44,341.518083,5.537125,348.02475,2.284417,7.04075,357.350167
fixture-1000,fresh,50,1,45,287.725458,4.971125,293.431583,1.406333,7.033791,301.871917
fixture-1000,fresh,50,1,46,338.43375,4.977,344.206459,1.112709,6.973334,352.292667
fixture-1000,fresh,50,1,47,292.51975,4.634209,297.760916,1.219375,6.978875,305.959333
fixture-1000,fresh,50,1,48,328.849666,4.646417,334.171583,1.346167,6.984458,342.502458
fixture-1000,fresh,50,1,49,301.638375,5.287958,307.636708,1.318625,7.648792,316.6045
fixture-1000,fork,50,1,0,109.985708,0,111.851125,1.463875,6.955042,120.27025
fixture-1000,fork,50,1,1,328.498833,0,331.166917,1.397416,6.937375,339.501958
fixture-1000,fork,50,1,2,390.768375,0,392.730333,1.113625,7.791208,401.635375
fixture-1000,fork,50,1,3,363.979625,0,366.94225,1.53575,7.638,376.116209
fixture-1000,fork,50,1,4,393.582042,0,395.785792,1.6665,7.565625,405.018125
fixture-1000,fork,50,1,5,363.1045,0,365.868875,1.489166,6.822417,374.180709
fixture-1000,fork,50,1,6,388.730417,0,391.032042,1.317583,7.742875,400.093167
fixture-1000,fork,50,1,7,349.28325,0,351.875959,1.522167,7.622916,361.021459
fixture-1000,fork,50,1,8,415.316292,0,417.845125,1.680375,6.779583,426.305542
fixture-1000,fork,50,1,9,382.846167,0,385.781709,1.173917,6.890041,393.845834
fixture-1000,fork,50,1,10,419.529458,0,421.869833,1.436542,7.6225,430.929208
fixture-1000,fork,50,1,11,375.772416,0,378.477333,1.4675,8.031208,387.976333
fixture-1000,fork,50,1,12,422.333417,0,424.584167,1.3075,6.587584,432.479417
fixture-1000,fork,50,1,13,385.630041,0,388.118041,1.44675,7.498292,397.063333
fixture-1000,fork,50,1,14,412.147667,0,414.291209,1.343292,7.724708,423.359375
fixture-1000,fork,50,1,15,380.427417,0,382.884917,1.513958,7.65825,392.057334
fixture-1000,fork,50,1,16,411.293209,0,413.575375,1.571917,7.811125,422.958625
fixture-1000,fork,50,1,17,390.17175,0,392.461792,1.274917,6.793958,400.530833
fixture-1000,fork,50,1,18,404.711125,0,407.042583,1.391584,7.764959,416.199333
fixture-1000,fork,50,1,19,388.043209,0,390.362917,1.242166,7.594958,399.20025
fixture-1000,fork,50,1,20,407.292875,0,409.621125,1.371209,6.80025,417.792791
fixture-1000,fork,50,1,21,378.704083,0,381.453208,1.31525,6.638375,389.407083
fixture-1000,fork,50,1,22,400.108333,0,402.119166,1.360417,7.325125,410.804916
fixture-1000,fork,50,1,23,123.590125,0,125.122333,1.305291,6.903,133.330875
fixture-1000,fork,50,1,24,403.467042,0,405.749333,1.388041,7.714458,414.852083
fixture-1000,fork,50,1,25,402.325875,0,405.009125,1.3905,6.533084,412.932875
fixture-1000,fork,50,1,26,406.948208,0,409.36075,1.29475,7.578375,418.234125
fixture-1000,fork,50,1,27,386.286834,0,389.010834,1.44475,7.525458,397.981292
fixture-1000,fork,50,1,28,419.590375,0,421.840875,1.602209,7.678209,431.1215
fixture-1000,fork,50,1,29,397.105666,0,399.48425,1.393875,6.873583,407.751916
fixture-1000,fork,50,1,30,420.571125,0,422.902875,1.391125,6.587042,430.881375
fixture-1000,fork,50,1,31,396.005542,0,398.249459,1.335917,7.75675,407.342375
fixture-1000,fork,50,1,32,413.965916,0,416.411708,1.705917,7.725167,425.843083
fixture-1000,fork,50,1,33,393.74075,0,396.323,1.394417,7.637333,405.355125
fixture-1000,fork,50,1,34,413.308833,0,415.582125,1.380125,7.18775,424.150333
fixture-1000,fork,50,1,35,408.106041,0,410.458208,1.377958,7.509708,419.346166
fixture-1000,fork,50,1,36,409.466083,0,411.989,1.6455,7.728583,421.363333
fixture-1000,fork,50,1,37,406.950708,0,409.29375,1.411583,9.180833,419.886416
fixture-1000,fork,50,1,38,404.023083,0,406.232292,1.415917,7.588541,415.236958
fixture-1000,fork,50,1,39,438.847667,0,440.90825,1.339208,7.63375,449.8815
fixture-1000,fork,50,1,40,427.834792,0,430.231583,1.2965,7.7365,439.264917
fixture-1000,fork,50,1,41,500.13075,0,503.771667,1.940292,10.042542,515.754958
fixture-1000,fork,50,1,42,432.938042,0,435.228417,1.325042,7.620125,444.17375
fixture-1000,fork,50,1,43,432.28825,0,434.879,1.561417,6.935083,443.37575
fixture-1000,fork,50,1,44,420.326792,0,422.384792,1.787792,7.660708,431.833625
fixture-1000,fork,50,1,45,461.000042,0,463.204875,1.466833,7.917666,472.589708
fixture-1000,fork,50,1,46,425.227417,0,427.531542,1.304917,7.777083,436.613708
fixture-1000,fork,50,1,47,423.693625,0,425.893916,1.505083,7.070833,434.470041
fixture-1000,fork,50,1,48,406.967125,0,409.579291,1.340833,7.670083,418.590375
fixture-1000,fork,50,1,49,452.367834,0,454.676709,1.263875,7.658917,463.599667
fixture-1000,fork,50,2,0,118.753916,0,120.28175,1.396292,7.272667,128.950958
fixture-1000,fork,50,2,1,410.591209,0,412.756834,1.609917,8.214584,422.581667
fixture-1000,fork,50,2,2,553.632958,0,555.822375,3.758458,8.878458,568.459833
fixture-1000,fork,50,2,3,502.545458,0,517.965375,1.653208,8.216083,527.835083
fixture-1000,fork,50,2,4,507.482125,0,510.0795,1.525125,7.958167,519.562958
fixture-1000,fork,50,2,5,450.388375,0,452.488125,1.409708,7.726417,461.6245
fixture-1000,fork,50,2,6,442.08175,0,444.627542,1.22975,7.622375,453.479875
fixture-1000,fork,50,2,7,433.471917,0,435.411,1.544791,7.703458,444.659584
fixture-1000,fork,50,2,8,442.258834,0,444.066375,1.291083,7.649458,453.007125
fixture-1000,fork,50,2,9,428.590709,0,430.962334,1.275125,45.689708,477.927542
fixture-1000,fork,50,2,10,414.899833,0,417.442792,1.314542,7.754292,426.511833
fixture-1000,fork,50,2,11,405.529917,0,407.878792,1.311458,7.768041,416.958709
fixture-1000,fork,50,2,12,408.973959,0,411.465334,1.512375,7.59675,420.574625
fixture-1000,fork,50,2,13,480.273083,0,482.736875,1.357542,7.715417,491.810041
fixture-1000,fork,50,2,14,476.596458,0,479.685958,3.108042,6.901084,489.6955
fixture-1000,fork,50,2,15,438.017667,0,440.679375,1.373833,7.629208,449.682584
fixture-1000,fork,50,2,16,415.532542,0,417.825417,1.331584,7.388167,426.545417
fixture-1000,fork,50,2,17,411.5935,0,414.173417,1.391667,6.972209,422.537542
fixture-1000,fork,50,2,18,487.036,0,502.135625,2.211458,7.009166,511.3565
fixture-1000,fork,50,2,19,455.78775,0,458.410583,1.576542,7.754667,467.742125
fixture-1000,fork,50,2,20,412.608875,0,415.141042,1.311416,7.54675,423.999459
fixture-1000,fork,50,2,21,415.545833,0,418.096958,1.544708,7.696417,427.338292
fixture-1000,fork,50,2,22,406.797334,0,409.385792,1.403542,6.441375,417.230917
fixture-1000,fork,50,2,23,407.604208,0,410.182958,1.640375,6.755333,418.578875
fixture-1000,fork,50,2,24,435.189458,0,437.742375,1.470917,8.042791,447.256667
fixture-1000,fork,50,2,25,424.955958,0,427.504958,1.392625,7.649209,436.547
fixture-1000,fork,50,2,26,412.719542,0,415.209208,1.4585,7.684042,424.351958
fixture-1000,fork,50,2,27,452.86775,0,455.759042,1.408917,7.657291,464.825417
fixture-1000,fork,50,2,28,2232.095709,0,2234.415,1.312833,178.617292,2414.345542
fixture-1000,fork,50,2,29,483.691958,0,486.54775,1.441042,8.232291,496.221292
fixture-1000,fork,50,2,30,483.799792,0,487.027792,1.809708,6.998625,495.836542
fixture-1000,fork,50,2,31,483.814042,0,486.529375,1.430416,7.591583,495.551542
fixture-1000,fork,50,2,32,429.845042,0,432.870375,1.488583,7.671833,442.031
fixture-1000,fork,50,2,33,421.486625,0,423.96625,1.515375,6.854708,432.336625
fixture-1000,fork,50,2,34,404.442625,0,407.012167,1.3115,6.869042,415.192958
fixture-1000,fork,50,2,35,414.00825,0,416.903208,1.374708,7.518458,425.796541
fixture-1000,fork,50,2,36,420.986625,0,423.632166,2.314583,7.728625,433.675541
fixture-1000,fork,50,2,37,436.071208,0,438.688083,1.551708,7.31125,447.551208
fixture-1000,fork,50,2,38,425.994125,0,428.408209,1.334542,7.813041,437.555959
fixture-1000,fork,50,2,39,416.401334,0,419.04975,1.6775,7.596583,428.324
fixture-1000,fork,50,2,40,408.251625,0,410.908667,1.477292,7.554083,419.940208
fixture-1000,fork,50,2,41,412.905292,0,415.405584,1.100334,6.800334,423.306417
fixture-1000,fork,50,2,42,450.972334,0,454.605542,1.493625,186.532583,642.63225
fixture-1000,fork,50,2,43,549.410791,0,552.222041,1.016292,2.119333,555.358208
fixture-1000,fork,50,2,44,417.036167,0,420.080375,1.286333,7.5875,428.954458
fixture-1000,fork,50,2,45,431.89425,0,434.683625,1.411208,7.762292,443.857333
fixture-1000,fork,50,2,46,415.241958,0,417.831291,1.655,13.940042,433.426833
fixture-1000,fork,50,2,47,420.691417,0,423.468958,1.548708,7.883666,432.901542
fixture-1000,fork,50,2,48,411.633417,0,415.811917,1.439667,7.330333,424.58225
fixture-1000,fork,50,2,49,421.373042,0,424.320458,1.932958,7.652583,433.906375
fixture-1000,fresh,50,2,0,37.764625,5.338666,43.965417,1.29375,8.014667,53.522792
fixture-1000,fresh,50,2,1,57.79275,4.75925,63.188666,1.10825,12.778,77.07525
fixture-1000,fresh,50,2,2,67.224083,4.808042,72.719333,1.312417,8.081417,82.113458
fixture-1000,fresh,50,2,3,252.161667,6.371958,259.225667,1.26125,7.825042,268.312167
fixture-1000,fresh,50,2,4,377.574542,4.974875,383.251792,1.198584,7.021292,391.471833
fixture-1000,fresh,50,2,5,344.564459,4.7255,349.865667,1.108792,7.873958,358.848667
fixture-1000,fresh,50,2,6,360.53925,5.560208,366.792958,1.173875,8.00075,375.967791
fixture-1000,fresh,50,2,7,333.183291,5.100542,338.956458,1.044166,7.875208,347.876041
fixture-1000,fresh,50,2,8,343.957833,4.84425,349.452125,1.122667,7.7755,358.3505
fixture-1000,fresh,50,2,9,328.308583,5.227917,334.192208,1.103125,7.641625,342.937125
fixture-1000,fresh,50,2,10,348.694584,4.877834,354.268625,1.176,7.476833,362.921625
fixture-1000,fresh,50,2,11,325.572958,4.711834,330.920833,1.137208,7.758458,339.816667
fixture-1000,fresh,50,2,12,342.496875,4.650917,347.759625,1.158167,7.675667,356.593625
fixture-1000,fresh,50,2,13,317.269375,4.646667,322.613417,1.27575,6.55175,330.441084
fixture-1000,fresh,50,2,14,345.212667,5.306042,351.326875,1.281,7.707666,360.315709
fixture-1000,fresh,50,2,15,339.531084,4.692666,344.843084,1.112667,7.857875,353.813834
fixture-1000,fresh,50,2,16,352.328833,4.898625,357.94975,1.156041,8.059375,367.165417
fixture-1000,fresh,50,2,17,331.406292,5.050791,337.078167,1.039292,7.585416,345.703042
fixture-1000,fresh,50,2,18,348.470084,4.853291,354.112792,1.145583,7.62225,362.880834
fixture-1000,fresh,50,2,19,329.115167,4.677875,334.39975,1.063042,7.337459,342.800417
fixture-1000,fresh,50,2,20,348.622958,4.679667,353.926292,1.063667,7.578833,362.568958
fixture-1000,fresh,50,2,21,346.846125,5.020542,352.649834,1.697125,7.788666,362.135875
fixture-1000,fresh,50,2,22,356.154166,5.045292,361.991958,1.170458,7.703333,370.865916
fixture-1000,fresh,50,2,23,342.574709,5.676875,349.031625,1.283125,7.996875,358.311792
fixture-1000,fresh,50,2,24,357.743334,4.854167,363.287209,1.240959,6.758834,371.287167
fixture-1000,fresh,50,2,25,336.370625,5.586667,342.713208,1.320416,7.624417,351.658333
fixture-1000,fresh,50,2,26,346.4755,4.617458,351.67425,1.029375,7.671958,360.375791
fixture-1000,fresh,50,2,27,327.134125,5.053916,332.886916,1.212708,6.549625,340.6495
fixture-1000,fresh,50,2,28,344.850167,4.942292,350.392833,1.088375,7.726167,359.207625
fixture-1000,fresh,50,2,29,323.855125,4.793584,329.323166,1.117167,7.566667,338.007166
fixture-1000,fresh,50,2,30,349.082625,4.797125,354.506,1.444834,7.783834,363.734917
fixture-1000,fresh,50,2,31,338.053916,4.874792,343.598541,1.266166,7.643542,352.508458
fixture-1000,fresh,50,2,32,343.816375,4.6215,349.116958,1.194791,7.738,358.05
fixture-1000,fresh,50,2,33,334.996417,4.642375,340.213708,1.142917,6.998209,348.355125
fixture-1000,fresh,50,2,34,354.16175,4.7565,359.553042,1.09775,7.891167,368.542209
fixture-1000,fresh,50,2,35,361.5065,5.47875,367.922375,1.155584,6.517542,375.595666
fixture-1000,fresh,50,2,36,371.149083,5.001542,376.787041,1.014291,7.64625,385.447833
fixture-1000,fresh,50,2,37,325.630541,4.656875,330.965583,1.155834,6.778334,338.9
fixture-1000,fresh,50,2,38,364.807042,5.020792,370.438459,1.174792,7.742125,379.355584
fixture-1000,fresh,50,2,39,332.743209,4.743125,338.101917,1.06075,7.658375,346.821167
fixture-1000,fresh,50,2,40,341.464917,4.671792,346.762917,1.083333,7.801666,355.648125
fixture-1000,fresh,50,2,41,346.613666,4.712958,351.988458,1.121917,6.88725,359.997875
fixture-1000,fresh,50,2,42,433.258,6.566916,440.592417,1.206375,6.968083,448.767125
fixture-1000,fresh,50,2,43,369.269583,4.723583,374.7085,1.292958,7.599958,383.601583
fixture-1000,fresh,50,2,44,362.544958,4.477458,367.631666,1.039375,6.90175,375.573
fixture-1000,fresh,50,2,45,357.996417,4.597542,363.251709,1.493,7.01775,371.762667
fixture-1000,fresh,50,2,46,378.039334,4.655917,383.355709,1.270084,7.810417,392.436375
fixture-1000,fresh,50,2,47,340.494333,4.84375,346.081916,1.212875,7.5885,354.883541
fixture-1000,fresh,50,2,48,360.743375,5.010917,366.435625,1.114875,7.789959,375.340625
fixture-1000,fresh,50,2,49,341.360709,4.872709,346.896625,1.39925,7.955875,356.252209
fixture-1000,fresh,100,0,0,40.657584,5.166375,46.634167,1.245583,7.950333,55.977084
fixture-1000,fresh,100,0,1,54.697292,4.878875,60.230375,1.162959,7.905959,69.2995
fixture-1000,fresh,100,0,2,69.582708,4.605209,74.801083,1.089375,8.020542,83.911208
fixture-1000,fresh,100,0,3,286.844334,4.92175,292.481584,1.144708,7.800167,301.426709
fixture-1000,fresh,100,0,4,377.39925,4.531,382.555917,1.34425,8.042375,391.942792
fixture-1000,fresh,100,0,5,313.552708,4.778792,319.00525,1.316834,7.829042,328.151333
fixture-1000,fresh,100,0,6,353.355542,4.914584,358.924334,1.246708,8.149375,368.320667
fixture-1000,fresh,100,0,7,313.098375,5.577959,319.47875,1.472292,7.888084,328.839417
fixture-1000,fresh,100,0,8,355.47925,5.265833,361.40625,1.130125,7.887209,370.423834
fixture-1000,fresh,100,0,9,321.0635,4.95225,326.71575,1.266666,8.590625,336.573333
fixture-1000,fresh,100,0,10,374.51025,5.454917,380.827167,1.039208,7.953042,389.819792
fixture-1000,fresh,100,0,11,322.074916,4.526916,327.269125,1.15175,7.90325,336.324291
fixture-1000,fresh,100,0,12,364.5645,5.153625,370.355125,1.126458,7.78275,379.264583
fixture-1000,fresh,100,0,13,311.073584,4.668916,316.334959,1.315083,7.530583,325.180875
fixture-1000,fresh,100,0,14,361.905292,5.524625,368.062959,1.140791,7.729417,376.933459
fixture-1000,fresh,100,0,15,327.988209,5.199167,333.945834,1.8215,6.441667,342.20925
fixture-1000,fresh,100,0,16,371.9615,5.214375,377.919916,1.473333,8.092625,387.486041
fixture-1000,fresh,100,0,17,319.200375,5.388916,325.32325,1.431,6.596125,333.350667
fixture-1000,fresh,100,0,18,369.059625,5.320708,375.03525,1.252875,7.313166,383.601625
fixture-1000,fresh,100,0,19,325.253792,4.713209,330.604208,1.150041,7.061167,338.815667
fixture-1000,fresh,100,0,20,358.477666,5.147667,364.274458,1.1225,7.82375,373.220916
fixture-1000,fresh,100,0,21,318.887583,4.732584,324.291125,1.167875,7.69125,333.150458
fixture-1000,fresh,100,0,22,367.058125,4.797125,372.487041,1.237708,7.448375,381.173375
fixture-1000,fresh,100,0,23,323.695792,4.975041,329.504167,1.248667,7.610958,338.364
fixture-1000,fresh,100,0,24,356.414208,5.109834,362.242417,1.140667,7.634042,371.017333
fixture-1000,fresh,100,0,25,323.116917,4.597125,328.372917,1.064667,7.701209,337.139
fixture-1000,fresh,100,0,26,346.85425,5.635667,353.149,1.296791,7.8155,362.2615
fixture-1000,fresh,100,0,27,337.332208,4.698958,342.673,1.145667,6.787666,350.6065
fixture-1000,fresh,100,0,28,356.333792,4.810375,361.825083,1.227,7.167875,370.220167
fixture-1000,fresh,100,0,29,331.430291,6.126541,338.352833,1.222334,7.827875,347.40325
fixture-1000,fresh,100,0,30,391.343834,5.380875,397.506959,1.139667,7.145375,405.792209
fixture-1000,fresh,100,0,31,346.857459,4.894333,352.37625,1.18475,6.619667,360.180875
fixture-1000,fresh,100,0,32,370.974375,4.613667,376.328959,1.130875,6.7365,384.196625
fixture-1000,fresh,100,0,33,325.648334,4.694458,330.96425,1.069708,6.726708,338.760917
fixture-1000,fresh,100,0,34,364.160542,4.919875,370.022709,1.177375,8.197792,379.398125
fixture-1000,fresh,100,0,35,335.875875,4.697542,341.218833,1.083666,8.246542,350.54925
fixture-1000,fresh,100,0,36,361.539875,4.885834,367.107792,1.101416,7.833208,376.042625
fixture-1000,fresh,100,0,37,320.978208,4.980334,326.6315,1.193375,7.547208,335.37225
fixture-1000,fresh,100,0,38,351.612084,4.621167,356.948125,1.172583,7.646667,365.767542
fixture-1000,fresh,100,0,39,331.408542,4.916542,336.986042,1.351875,7.872416,346.210584
fixture-1000,fresh,100,0,40,353.837708,4.859958,359.532875,1.222292,7.771416,368.526833
fixture-1000,fresh,100,0,41,322.688792,4.666458,328.032584,1.042334,6.84475,335.919834
fixture-1000,fresh,100,0,42,358.5605,4.625167,363.802375,1.185333,7.888916,372.876792
fixture-1000,fresh,100,0,43,333.349167,4.887625,338.900667,1.2835,7.675875,347.860292
fixture-1000,fresh,100,0,44,362.05425,4.769458,367.493917,1.595125,7.801958,376.891209
fixture-1000,fresh,100,0,45,338.313334,5.029792,344.002667,1.127709,6.917292,352.047917
fixture-1000,fresh,100,0,46,366.165,4.686292,371.634667,1.255334,7.8475,380.737708
fixture-1000,fresh,100,0,47,333.3285,4.796583,338.760083,1.211083,7.768334,347.739708
fixture-1000,fresh,100,0,48,365.920083,4.67675,371.271208,1.10825,7.808167,380.187791
fixture-1000,fresh,100,0,49,321.329583,4.919625,326.891125,1.347084,7.723875,335.962292
fixture-1000,fresh,100,0,50,353.992792,4.973417,359.583834,1.297542,7.819791,368.701334
fixture-1000,fresh,100,0,51,320.168958,5.0975,326.015458,1.173541,7.643083,334.832292
fixture-1000,fresh,100,0,52,350.318417,4.88975,355.923417,1.2695,7.706875,364.900084
fixture-1000,fresh,100,0,53,319.736584,4.610416,325.037917,1.206791,7.616625,333.8615
fixture-1000,fresh,100,0,54,357.644,5.1035,363.425417,1.148917,7.320875,371.8955
fixture-1000,fresh,100,0,55,329.811875,4.902375,335.448208,1.606166,7.775416,344.83
fixture-1000,fresh,100,0,56,359.94925,4.806875,365.384666,1.081375,7.838541,374.304791
fixture-1000,fresh,100,0,57,322.40775,4.672542,327.750959,1.206208,7.706625,336.664042
fixture-1000,fresh,100,0,58,353.731666,4.623125,358.983791,1.18225,7.707334,367.873625
fixture-1000,fresh,100,0,59,344.177334,5.010916,349.833292,1.3565,7.687958,358.877959
fixture-1000,fresh,100,0,60,405.124625,4.761334,410.523834,1.246458,8.807375,420.578417
fixture-1000,fresh,100,0,61,341.046542,5.572458,347.26275,1.029083,7.558375,355.850375
fixture-1000,fresh,100,0,62,382.173458,4.752333,387.628833,1.477166,7.4365,396.543083
fixture-1000,fresh,100,0,63,324.245167,4.84475,329.707125,1.123834,7.675334,338.5065
fixture-1000,fresh,100,0,64,351.534708,4.614667,356.73825,1.138625,7.766125,365.643208
fixture-1000,fresh,100,0,65,332.435292,5.0685,338.220084,1.328417,7.796208,347.344875
fixture-1000,fresh,100,0,66,377.074125,5.00575,382.707458,1.013125,7.692375,391.413167
fixture-1000,fresh,100,0,67,341.797417,4.572333,346.974,1.117333,7.649583,355.741167
fixture-1000,fresh,100,0,68,358.041792,4.794041,363.428375,1.260166,7.762333,372.451084
fixture-1000,fresh,100,0,69,360.366167,5.477125,366.789833,1.359292,7.646334,375.795625
fixture-1000,fresh,100,0,70,390.4895,4.644958,395.785,0.982958,6.838,403.606208
fixture-1000,fresh,100,0,71,342.363208,6.816375,350.526583,1.506583,7.706458,359.739917
fixture-1000,fresh,100,0,72,356.687792,4.538541,361.8465,1.23725,9.717834,372.801792
fixture-1000,fresh,100,0,73,321.121417,4.773916,326.548625,1.306583,7.257958,335.113375
fixture-1000,fresh,100,0,74,357.538375,4.764667,362.992875,1.061708,7.611334,371.66625
fixture-1000,fresh,100,0,75,318.348542,4.896292,324.174084,1.25775,7.687292,333.119375
fixture-1000,fresh,100,0,76,352.102084,4.703375,357.5125,1.29075,7.797416,366.600834
fixture-1000,fresh,100,0,77,324.237875,4.67875,330.109167,5.021,7.750333,342.880792
fixture-1000,fresh,100,0,78,386.105541,4.66375,391.384041,1.202833,8.245666,400.832791
fixture-1000,fresh,100,0,79,322.651709,4.524291,327.841542,1.16075,7.60175,336.604292
fixture-1000,fresh,100,0,80,358.151,4.838708,363.599791,1.212333,7.678583,372.490875
fixture-1000,fresh,100,0,81,324.156167,4.697375,329.589667,1.285792,7.64425,338.519958
fixture-1000,fresh,100,0,82,380.136667,5.243708,386.044042,1.258083,7.614958,394.917292
fixture-1000,fresh,100,0,83,330.006333,4.653209,335.247458,1.157833,7.611583,344.017083
fixture-1000,fresh,100,0,84,370.413875,5.088584,376.465542,1.277625,7.947834,385.691292
fixture-1000,fresh,100,0,85,321.610083,4.775625,327.054583,1.184417,6.433291,334.672541
fixture-1000,fresh,100,0,86,361.622625,4.786916,367.089333,1.329416,7.229458,375.648458
fixture-1000,fresh,100,0,87,324.146417,5.216917,330.15075,1.312917,7.660792,339.12475
fixture-1000,fresh,100,0,88,351.499333,4.682292,356.778708,1.149125,7.724792,365.652833
fixture-1000,fresh,100,0,89,330.079125,4.678083,335.359625,1.072208,7.67625,344.10825
fixture-1000,fresh,100,0,90,348.491834,4.729042,353.818792,1.021084,7.79775,362.637917
fixture-1000,fresh,100,0,91,320.168708,5.00475,325.876875,1.213834,6.243042,333.333916
fixture-1000,fresh,100,0,92,361.287666,4.912208,366.887833,1.072959,7.88125,375.84225
fixture-1000,fresh,100,0,93,343.815667,5.378875,349.888667,1.391833,7.449208,358.729917
fixture-1000,fresh,100,0,94,355.825334,4.606,361.038417,1.234,7.440208,369.712834
fixture-1000,fresh,100,0,95,330.876583,4.823958,336.4035,1.163417,7.651459,345.218583
fixture-1000,fresh,100,0,96,381.6245,5.030292,387.402375,1.299792,7.829375,396.531875
fixture-1000,fresh,100,0,97,328.355834,4.847083,333.8465,1.111375,7.763834,342.721917
fixture-1000,fresh,100,0,98,360.07325,5.165791,365.973375,1.223458,7.7815,374.978542
fixture-1000,fresh,100,0,99,334.345875,5.081417,340.178875,1.237791,6.569083,347.986
fixture-1000,fork,100,0,0,112.854792,0,114.657584,1.366708,7.652667,123.677167
fixture-1000,fork,100,0,1,385.023167,0,387.097917,1.524458,7.859292,396.481875
fixture-1000,fork,100,0,2,396.733708,0,398.608083,1.597417,7.69125,407.896958
fixture-1000,fork,100,0,3,383.043625,0,385.091583,1.253416,7.6375,393.982666
fixture-1000,fork,100,0,4,407.320041,0,409.637916,1.368709,7.77575,418.782625
fixture-1000,fork,100,0,5,388.872542,0,390.984417,1.575375,7.643041,400.203084
fixture-1000,fork,100,0,6,426.383375,0,429.353458,1.465584,7.591709,438.411
fixture-1000,fork,100,0,7,403.239291,0,405.641833,1.588917,7.744833,414.975916
fixture-1000,fork,100,0,8,413.918916,0,415.943416,1.495791,7.87775,425.31725
fixture-1000,fork,100,0,9,399.5265,0,401.454833,1.338917,7.80075,410.594708
fixture-1000,fork,100,0,10,425.939084,0,427.857167,1.492041,6.509167,435.858542
fixture-1000,fork,100,0,11,399.491583,0,401.954417,1.313416,7.601291,410.869417
fixture-1000,fork,100,0,12,422.599584,0,425.021584,1.485583,7.518333,434.02575
fixture-1000,fork,100,0,13,412.254375,0,415.777958,2.041584,7.577708,425.397708
fixture-1000,fork,100,0,14,414.180917,0,416.393083,1.378666,7.576792,425.34875
fixture-1000,fork,100,0,15,384.789625,0,387.012792,1.3915,7.610083,396.014583
fixture-1000,fork,100,0,16,404.923875,0,407.139583,1.326791,6.821417,415.288083
fixture-1000,fork,100,0,17,388.342084,0,391.377,1.301167,7.7325,400.411084
fixture-1000,fork,100,0,18,420.928541,0,423.236416,1.378125,7.575291,432.19
fixture-1000,fork,100,0,19,385.849375,0,388.236667,2.004583,7.823125,398.064583
fixture-1000,fork,100,0,20,424.3125,0,426.507291,1.357708,7.577708,435.442916
fixture-1000,fork,100,0,21,392.780916,0,395.250166,1.688625,7.544917,404.484208
fixture-1000,fork,100,0,22,396.660583,0,399.190458,1.494583,7.172167,407.857667
fixture-1000,fork,100,0,23,395.61975,0,397.952666,1.351291,7.560208,406.864375
fixture-1000,fork,100,0,24,401.096542,0,403.607292,1.37575,7.818375,412.801584
fixture-1000,fork,100,0,25,389.475792,0,391.851417,1.402875,6.513542,399.768042
fixture-1000,fork,100,0,26,392.006916,0,394.125208,1.303375,7.579542,403.008333
fixture-1000,fork,100,0,27,397.028708,0,399.192958,1.484583,7.601208,408.278917
fixture-1000,fork,100,0,28,410.171959,0,412.845625,1.589083,7.7525,422.1875
fixture-1000,fork,100,0,29,408.260541,0,410.695833,1.388125,7.609834,419.694
fixture-1000,fork,100,0,30,411.029625,0,413.178625,1.415333,7.760208,422.354375
fixture-1000,fork,100,0,31,383.419,0,385.56425,1.382042,7.6645,394.611
fixture-1000,fork,100,0,32,405.551208,0,407.922041,2.50175,7.646875,418.070916
fixture-1000,fork,100,0,33,388.983958,0,391.605333,1.498542,6.539958,399.644083
fixture-1000,fork,100,0,34,399.033834,0,401.656625,1.490792,7.824084,410.971792
fixture-1000,fork,100,0,35,387.088625,0,389.551042,1.425792,7.650958,398.628042
fixture-1000,fork,100,0,36,396.793833,0,399.358083,1.358083,7.613791,408.330166
fixture-1000,fork,100,0,37,402.139333,0,404.642333,1.366833,7.638791,413.648167
fixture-1000,fork,100,0,38,395.419542,0,397.333042,1.585041,7.550042,406.468292
fixture-1000,fork,100,0,39,385.118041,0,387.888583,1.572166,7.597625,397.058583
fixture-1000,fork,100,0,40,391.786666,0,394.50525,1.351,7.475792,403.332208
fixture-1000,fork,100,0,41,391.583584,0,394.032959,1.41625,7.560916,403.010375
fixture-1000,fork,100,0,42,414.329167,0,416.644667,1.716542,7.603333,425.964708
fixture-1000,fork,100,0,43,395.881708,0,398.465,1.268625,7.63175,407.36575
fixture-1000,fork,100,0,44,390.049084,0,392.442875,1.421916,7.90375,401.768792
fixture-1000,fork,100,0,45,127.086417,0,129.872375,1.60325,6.727167,138.203167
fixture-1000,fork,100,0,46,395.249833,0,397.759541,1.538375,7.516375,406.8145
fixture-1000,fork,100,0,47,417.208583,0,419.2015,1.680708,7.6465,428.528917
fixture-1000,fork,100,0,48,388.108584,0,390.607334,1.515083,7.500416,399.623084
fixture-1000,fork,100,0,49,421.793792,0,423.722709,2.004667,7.597917,433.3255
fixture-1000,fork,100,0,50,405.8105,0,408.59775,1.706,6.694417,416.998667
fixture-1000,fork,100,0,51,413.82175,0,416.483,1.3445,8.557375,426.385084
fixture-1000,fork,100,0,52,408.679458,0,411.2615,1.412,7.051333,419.725041
fixture-1000,fork,100,0,53,390.461917,0,393.100542,1.579834,7.572834,402.253375
fixture-1000,fork,100,0,54,400.43025,0,403.001292,1.352375,7.539333,411.89325
fixture-1000,fork,100,0,55,390.823542,0,393.343458,1.756583,7.585958,402.686167
fixture-1000,fork,100,0,56,396.947375,0,399.509833,1.378125,7.550291,408.438417
fixture-1000,fork,100,0,57,396.101084,0,399.061875,1.511459,7.575459,408.149042
fixture-1000,fork,100,0,58,400.112084,0,402.8235,1.46075,7.531292,411.81575
fixture-1000,fork,100,0,59,399.579084,0,402.062084,1.583166,7.525333,411.170834
fixture-1000,fork,100,0,60,397.733125,0,400.275917,1.456,7.620084,409.352167
fixture-1000,fork,100,0,61,385.435875,0,387.877916,1.617625,7.621833,397.117625
fixture-1000,fork,100,0,62,419.383375,0,421.409667,1.148584,6.968917,429.527667
fixture-1000,fork,100,0,63,391.831375,0,394.395625,1.359958,6.781667,402.5375
fixture-1000,fork,100,0,64,378.769584,0,381.2435,1.514958,7.546708,390.305375
fixture-1000,fork,100,0,65,414.511167,0,416.889917,1.334292,7.554167,425.778625
fixture-1000,fork,100,0,66,387.814167,0,390.357625,1.249,6.907167,398.514042
fixture-1000,fork,100,0,67,405.707916,0,408.343125,1.319292,6.967041,416.629666
fixture-1000,fork,100,0,68,420.383541,0,422.447875,1.432667,7.648375,431.529166
fixture-1000,fork,100,0,69,391.543583,0,394.149708,1.341625,7.498334,402.989833
fixture-1000,fork,100,0,70,420.226583,0,423.104083,1.579708,6.986416,431.670667
fixture-1000,fork,100,0,71,394.858042,0,397.322625,1.443458,7.619333,406.385625
fixture-1000,fork,100,0,72,419.560125,0,421.863333,1.489459,7.743458,431.0965
fixture-1000,fork,100,0,73,400.939,0,403.322542,1.740875,7.327334,412.391
fixture-1000,fork,100,0,74,414.037375,0,416.426417,1.440667,6.666708,424.534
fixture-1000,fork,100,0,75,390.88825,0,393.39975,1.363542,7.629875,402.393334
fixture-1000,fork,100,0,76,389.388459,0,392.450209,1.72175,7.565791,401.738
fixture-1000,fork,100,0,77,387.459333,0,390.081916,1.539375,7.250584,398.872208
fixture-1000,fork,100,0,78,383.532125,0,385.939917,1.542209,7.600417,395.082792
fixture-1000,fork,100,0,79,395.889709,0,398.461792,1.364625,6.483292,406.309875
fixture-1000,fork,100,0,80,396.045,0,398.574875,1.343792,7.158334,407.07725
fixture-1000,fork,100,0,81,384.784125,0,387.284125,1.460125,7.507583,396.252083
fixture-1000,fork,100,0,82,390.719084,0,393.2915,1.319791,7.538042,402.149542
fixture-1000,fork,100,0,83,393.738292,0,397.678917,1.603208,7.655042,406.937375
fixture-1000,fork,100,0,84,396.34125,0,398.535458,1.195375,7.585625,407.316666
fixture-1000,fork,100,0,85,402.781584,0,405.601,1.399666,6.394917,413.395792
fixture-1000,fork,100,0,86,387.434292,0,390.050625,1.373208,7.605,399.029042
fixture-1000,fork,100,0,87,419.54725,0,421.94575,1.349875,7.609709,430.905583
fixture-1000,fork,100,0,88,392.37675,0,395.197,1.47275,7.240917,403.910917
fixture-1000,fork,100,0,89,388.316875,0,391.177791,1.396042,7.5185,400.092666
fixture-1000,fork,100,0,90,387.882125,0,390.569916,1.423334,7.557959,399.551458
fixture-1000,fork,100,0,91,397.389666,0,399.801333,1.237542,7.843541,408.882625
fixture-1000,fork,100,0,92,390.325584,0,393.003625,1.277958,7.588042,401.869875
fixture-1000,fork,100,0,93,384.152875,0,386.695542,1.37625,7.53275,395.604708
fixture-1000,fork,100,0,94,388.143333,0,390.655958,1.473125,6.989292,399.118625
fixture-1000,fork,100,0,95,417.380333,0,419.581417,1.594584,7.655542,428.831833
fixture-1000,fork,100,0,96,393.087375,0,395.506375,1.2895,7.614334,404.410458
fixture-1000,fork,100,0,97,387.506292,0,390.114042,1.339042,7.690583,399.143875
fixture-1000,fork,100,0,98,385.632042,0,387.658875,1.454125,7.617375,396.730583
fixture-1000,fork,100,0,99,387.130292,0,391.044959,1.746125,7.799,400.590292
fixture-1000,fork,100,1,0,110.390416,0,112.2885,1.462542,7.627208,121.378458
fixture-1000,fork,100,1,1,111.296791,0,113.394375,1.427167,6.404417,121.226208
fixture-1000,fork,100,1,2,357.085875,0,359.340542,1.539708,7.643416,368.523959
fixture-1000,fork,100,1,3,380.806541,0,382.896166,1.49225,7.679083,392.067791
fixture-1000,fork,100,1,4,376.799541,0,379.188833,1.368667,7.574583,388.132333
fixture-1000,fork,100,1,5,446.124667,0,448.325833,1.59825,7.444708,457.369167
fixture-1000,fork,100,1,6,385.596291,0,388.052291,1.3455,7.624333,397.022458
fixture-1000,fork,100,1,7,397.506459,0,399.752292,1.548209,7.118792,408.419542
fixture-1000,fork,100,1,8,379.428459,0,381.749459,1.314083,7.5955,390.65925
fixture-1000,fork,100,1,9,402.602167,0,404.431833,1.234083,7.71725,413.383333
fixture-1000,fork,100,1,10,376.550917,0,379.096167,1.409834,7.788875,388.29525
fixture-1000,fork,100,1,11,399.224583,0,401.72925,1.34,7.585709,410.655167
fixture-1000,fork,100,1,12,379.176833,0,381.630666,1.365167,7.760584,390.75675
fixture-1000,fork,100,1,13,416.667584,0,418.632792,1.243375,7.616042,427.492459
fixture-1000,fork,100,1,14,388.829542,0,391.028,1.443416,7.689125,400.160834
fixture-1000,fork,100,1,15,398.571542,0,400.600125,1.3355,7.567042,409.502917
fixture-1000,fork,100,1,16,380.566875,0,382.7155,1.556167,6.507166,390.779041
fixture-1000,fork,100,1,17,392.257084,0,394.393792,1.405708,7.615375,403.415125
fixture-1000,fork,100,1,18,409.039917,0,411.6645,1.391875,7.695917,420.7525
fixture-1000,fork,100,1,19,411.939208,0,414.4155,1.355333,7.520083,423.291166
fixture-1000,fork,100,1,20,395.789834,0,398.245042,1.33725,7.6985,407.281167
fixture-1000,fork,100,1,21,413.509708,0,415.653625,1.3915,7.474083,424.519541
fixture-1000,fork,100,1,22,434.954125,0,437.289208,1.302375,6.719709,445.3115
fixture-1000,fork,100,1,23,402.1055,0,404.165,1.659666,7.692667,413.517792
fixture-1000,fork,100,1,24,391.023792,0,393.565625,1.258,7.677958,402.501875
fixture-1000,fork,100,1,25,408.177208,0,410.2585,1.436125,7.1935,418.888375
fixture-1000,fork,100,1,26,391.154666,0,393.568583,1.483958,6.895875,401.948583
fixture-1000,fork,100,1,27,398.829583,0,400.923458,1.315459,7.647125,409.88625
fixture-1000,fork,100,1,28,387.516334,0,389.865959,1.336458,7.596667,398.799292
fixture-1000,fork,100,1,29,406.007584,0,408.282709,1.325959,7.675167,417.284042
fixture-1000,fork,100,1,30,402.728125,0,404.759916,1.478875,7.678083,413.917083
fixture-1000,fork,100,1,31,408.468125,0,411.062375,1.600917,7.713375,420.376875
fixture-1000,fork,100,1,32,388.175333,0,390.336875,1.537625,7.653542,399.52825
fixture-1000,fork,100,1,33,396.655375,0,399.015916,1.74675,7.556542,408.319416
fixture-1000,fork,100,1,34,387.825583,0,390.519042,1.667834,6.857,399.044042
fixture-1000,fork,100,1,35,392.067625,0,394.102416,1.212542,7.563417,402.878541
fixture-1000,fork,100,1,36,388.4525,0,390.863292,1.303208,7.610833,399.777583
fixture-1000,fork,100,1,37,399.135542,0,401.36125,1.2915,7.689667,410.342625
fixture-1000,fork,100,1,38,390.287166,0,393.22525,1.709917,7.652166,402.587791
fixture-1000,fork,100,1,39,393.816417,0,395.618917,1.296458,7.514,404.429625
fixture-1000,fork,100,1,40,382.058083,0,384.833083,1.615125,7.603042,394.051458
fixture-1000,fork,100,1,41,395.107083,0,397.223416,1.303583,7.530292,406.0575
fixture-1000,fork,100,1,42,380.815209,0,383.153042,1.487209,7.582917,392.2235
fixture-1000,fork,100,1,43,400.499917,0,403.097167,1.685209,9.190542,413.973292
fixture-1000,fork,100,1,44,422.192416,0,424.552041,1.475542,7.729209,433.756958
fixture-1000,fork,100,1,45,417.108083,0,419.655792,1.537625,6.610791,427.804458
fixture-1000,fork,100,1,46,399.069375,0,401.439083,1.3295,7.688417,410.457166
fixture-1000,fork,100,1,47,397.614458,0,400.16025,1.252416,7.47575,408.888625
fixture-1000,fork,100,1,48,387.174583,0,389.705417,1.46775,7.549625,398.723
fixture-1000,fork,100,1,49,395.13625,0,397.621541,1.338458,7.647708,406.607916
fixture-1000,fork,100,1,50,388.642833,0,390.965083,1.388958,7.03425,399.3885
fixture-1000,fork,100,1,51,396.380625,0,399.084541,1.516833,7.771708,408.373291
fixture-1000,fork,100,1,52,386.078875,0,388.821208,1.330417,6.484625,396.636458
fixture-1000,fork,100,1,53,396.741709,0,399.4435,1.560917,7.978375,408.983084
fixture-1000,fork,100,1,54,376.161916,0,378.638708,1.325375,7.611208,387.575541
fixture-1000,fork,100,1,55,395.566958,0,397.989166,1.694292,7.77425,407.458041
fixture-1000,fork,100,1,56,416.669917,0,418.954125,1.677042,7.584083,428.215458
fixture-1000,fork,100,1,57,404.087291,0,407.040583,2.014625,7.376542,416.431958
fixture-1000,fork,100,1,58,395.902875,0,398.367958,1.276125,7.650292,407.294666
fixture-1000,fork,100,1,59,394.806209,0,397.2765,1.5215,7.53475,406.333
fixture-1000,fork,100,1,60,390.128291,0,392.871,1.322,6.496417,400.689625
fixture-1000,fork,100,1,61,404.568417,0,406.845709,1.337583,6.959917,415.143459
fixture-1000,fork,100,1,62,381.15425,0,383.37925,1.368416,7.684417,392.432334
fixture-1000,fork,100,1,63,391.17125,0,393.617625,1.451,7.543708,402.612541
fixture-1000,fork,100,1,64,377.883209,0,380.547292,1.392041,7.672167,389.611709
fixture-1000,fork,100,1,65,385.88225,0,388.409875,1.417875,6.749083,396.577
fixture-1000,fork,100,1,66,376.400833,0,378.874917,1.477209,7.674792,388.027083
fixture-1000,fork,100,1,67,384.578041,0,386.8615,1.295167,7.091084,395.247958
fixture-1000,fork,100,1,68,381.947834,0,384.101084,1.50575,7.742375,393.349417
fixture-1000,fork,100,1,69,396.954583,0,399.035041,1.663208,7.694708,408.393208
fixture-1000,fork,100,1,70,388.164542,0,391.000834,1.515333,7.079083,399.595542
fixture-1000,fork,100,1,71,384.245334,0,386.629584,1.37775,7.542041,395.549625
fixture-1000,fork,100,1,72,378.421042,0,381.209459,1.703875,7.666125,390.579667
fixture-1000,fork,100,1,73,383.687541,0,386.207083,1.351666,7.317417,394.876333
fixture-1000,fork,100,1,74,390.774042,0,393.443,1.367333,7.795959,402.606542
fixture-1000,fork,100,1,75,398.394458,0,400.836458,1.430208,7.529208,409.796042
fixture-1000,fork,100,1,76,399.655333,0,402.173916,1.365333,7.642917,411.182375
fixture-1000,fork,100,1,77,381.620625,0,383.993958,1.326542,7.657708,392.9785
fixture-1000,fork,100,1,78,389.653041,0,392.065583,1.29475,7.358333,400.718875
fixture-1000,fork,100,1,79,397.035875,0,399.730583,1.317458,7.664458,408.712833
fixture-1000,fork,100,1,80,381.400375,0,383.990708,1.332625,6.988708,392.312208
fixture-1000,fork,100,1,81,390.083625,0,392.721416,1.603916,7.3305,401.656166
fixture-1000,fork,100,1,82,392.018875,0,393.835,1.534166,7.717,403.086375
fixture-1000,fork,100,1,83,394.508458,0,396.936083,1.499708,7.578416,406.014416
fixture-1000,fork,100,1,84,375.587791,0,378.110083,1.447541,7.786166,387.344166
fixture-1000,fork,100,1,85,387.332458,0,389.590708,1.368958,7.623042,398.582875
fixture-1000,fork,100,1,86,378.817333,0,381.418416,1.472917,7.613208,390.504833
fixture-1000,fork,100,1,87,395.122041,0,397.502083,1.548375,7.673292,406.724
fixture-1000,fork,100,1,88,382.460709,0,385.120459,1.649917,6.441292,393.211917
fixture-1000,fork,100,1,89,375.348958,0,378.438291,1.575959,7.5885,387.603125
fixture-1000,fork,100,1,90,390.547291,0,393.056166,1.287375,7.587375,401.931166
fixture-1000,fork,100,1,91,397.819,0,400.518125,1.448542,7.589416,409.556542
fixture-1000,fork,100,1,92,371.421583,0,374.056625,1.286333,7.217375,382.560625
fixture-1000,fork,100,1,93,390.769917,0,393.063042,1.807917,7.559625,402.430875
fixture-1000,fork,100,1,94,392.040792,0,394.919708,1.536041,7.691083,404.147167
fixture-1000,fork,100,1,95,400.971209,0,403.436917,1.385458,7.54525,412.367792
fixture-1000,fork,100,1,96,439.7765,0,442.458542,1.569625,12.987959,457.016334
fixture-1000,fork,100,1,97,414.221708,0,416.765833,1.450166,7.673667,425.889917
fixture-1000,fork,100,1,98,388.733667,0,391.257459,1.448417,7.772166,400.47825
fixture-1000,fork,100,1,99,389.267542,0,391.850042,1.674208,7.570875,401.095417
fixture-1000,fresh,100,1,0,1050.9965,11.476041,1063.875959,1.847375,9.724833,1075.748375
fixture-1000,fresh,100,1,1,66.787083,4.781625,72.219416,1.114208,7.187416,80.521416
fixture-1000,fresh,100,1,2,55.791042,4.683542,61.091208,1.149,7.845083,70.0855
fixture-1000,fresh,100,1,3,283.687083,4.48975,288.7605,1.159583,7.397208,297.317458
fixture-1000,fresh,100,1,4,324.363458,4.544167,329.502166,1.032208,7.968916,338.503541
fixture-1000,fresh,100,1,5,325.554042,7.295542,333.770583,1.712666,7.637375,343.120833
fixture-1000,fresh,100,1,6,343.819625,4.772875,349.261167,1.27525,7.877166,358.413833
fixture-1000,fresh,100,1,7,319.6765,5.00075,325.542625,1.306,6.837459,333.686292
fixture-1000,fresh,100,1,8,357.584792,5.404042,363.958,2.094167,8.240375,374.292958
fixture-1000,fresh,100,1,9,323.785709,4.789458,329.250709,1.171417,7.625291,338.047584
fixture-1000,fresh,100,1,10,343.177541,4.715167,348.570041,1.050333,7.237208,356.857791
fixture-1000,fresh,100,1,11,316.368708,5.170958,322.39375,1.267792,7.711375,331.373125
fixture-1000,fresh,100,1,12,345.670667,4.627459,350.918292,1.12875,7.934584,359.982042
fixture-1000,fresh,100,1,13,316.707333,4.568792,322.013875,1.211542,7.552459,330.77825
fixture-1000,fresh,100,1,14,359.102583,4.786792,364.533292,1.25175,7.8215,373.60675
fixture-1000,fresh,100,1,15,338.35525,4.824375,343.889834,1.317834,7.872375,353.080209
fixture-1000,fresh,100,1,16,349.609125,4.704542,354.981417,1.412958,7.853958,364.248542
fixture-1000,fresh,100,1,17,317.2905,4.536209,322.56975,1.0935,7.622333,331.285791
fixture-1000,fresh,100,1,18,349.759625,4.776083,355.213792,1.189625,7.979083,364.382625
fixture-1000,fresh,100,1,19,317.857167,4.595166,323.094667,1.067833,7.923292,332.086
fixture-1000,fresh,100,1,20,354.849084,4.898292,360.4475,1.186833,6.71225,368.34675
fixture-1000,fresh,100,1,21,323.887666,4.728125,329.259416,1.253583,7.021875,337.535125
fixture-1000,fresh,100,1,22,352.7285,4.801333,358.195375,1.569375,7.757334,367.52225
fixture-1000,fresh,100,1,23,329.191167,4.852792,334.745959,1.236209,7.732667,343.715
fixture-1000,fresh,100,1,24,351.340708,4.651208,356.666333,1.219709,7.881167,365.767458
fixture-1000,fresh,100,1,25,336.373166,4.751208,341.942708,1.376834,9.757917,353.077916
fixture-1000,fresh,100,1,26,354.625209,4.694208,359.950084,1.212792,7.765792,368.928875
fixture-1000,fresh,100,1,27,322.100583,4.875709,327.697875,1.1845,8.594458,337.477083
fixture-1000,fresh,100,1,28,347.058334,4.59425,352.263167,1.093833,6.827291,360.1845
fixture-1000,fresh,100,1,29,324.948333,5.327083,330.976583,1.119375,7.724958,339.821125
fixture-1000,fresh,100,1,30,347.374417,4.596292,352.584708,1.108583,6.673625,360.367125
fixture-1000,fresh,100,1,31,347.270333,6.593708,354.559,1.260333,8.657875,364.477416
fixture-1000,fresh,100,1,32,377.202125,5.567333,383.416875,1.165792,7.911583,392.4945
fixture-1000,fresh,100,1,33,324.797667,4.623083,330.054292,1.385166,7.726667,339.166292
fixture-1000,fresh,100,1,34,345.81425,4.669291,351.08775,1.177667,7.178666,359.44425
fixture-1000,fresh,100,1,35,316.473709,4.64475,322.002417,1.437,7.605417,331.045125
fixture-1000,fresh,100,1,36,361.760042,4.862791,367.270292,1.385417,7.892333,376.54825
fixture-1000,fresh,100,1,37,322.126167,4.499041,327.321333,1.193208,7.569125,336.083917
fixture-1000,fresh,100,1,38,361.687167,4.9315,367.225167,1.060583,7.734625,376.020583
fixture-1000,fresh,100,1,39,324.582417,5.690208,330.921833,1.126791,7.759792,339.808667
fixture-1000,fresh,100,1,40,350.270541,4.846375,355.889666,1.260166,8.091792,365.241916
fixture-1000,fresh,100,1,41,323.685375,4.487708,328.797583,1.198291,7.616042,337.612125
fixture-1000,fresh,100,1,42,347.124334,5.121875,353.011875,1.509875,8.163709,362.685709
fixture-1000,fresh,100,1,43,335.417833,4.688666,340.691792,1.093458,7.667042,349.4525
fixture-1000,fresh,100,1,44,365.753041,4.586792,370.951666,1.089541,7.808458,379.849875
fixture-1000,fresh,100,1,45,326.416625,4.799709,331.863459,1.079833,7.657167,340.600667
fixture-1000,fresh,100,1,46,347.478,4.772708,352.953084,1.1325,7.872708,361.9585
fixture-1000,fresh,100,1,47,319.063625,4.702458,324.369125,1.313042,7.989667,333.672083
fixture-1000,fresh,100,1,48,341.760625,4.837375,347.229083,1.2205,7.336583,355.786375
fixture-1000,fresh,100,1,49,332.167125,4.816875,337.602916,1.256542,7.808542,346.668166
fixture-1000,fresh,100,1,50,350.302666,4.883125,355.838458,1.242084,7.890459,364.971333
fixture-1000,fresh,100,1,51,337.943042,4.810292,343.409542,1.33625,7.264667,352.010709
fixture-1000,fresh,100,1,52,346.450959,4.701792,351.777584,1.223709,6.923792,359.925292
fixture-1000,fresh,100,1,53,334.057583,5.098834,339.880208,1.252458,7.748167,348.881042
fixture-1000,fresh,100,1,54,350.166209,4.843333,355.771,1.195833,7.151875,364.118917
fixture-1000,fresh,100,1,55,326.530792,4.627084,331.755292,1.196042,7.972708,340.924292
fixture-1000,fresh,100,1,56,344.225333,4.659917,349.544917,1.121083,7.793708,358.459917
fixture-1000,fresh,100,1,57,323.183542,4.545208,328.396042,1.205334,7.650959,337.252542
fixture-1000,fresh,100,1,58,346.58575,5.795208,353.777291,1.608,8.520667,363.906625
fixture-1000,fresh,100,1,59,356.796292,4.672708,362.087084,1.090917,7.757334,370.935584
fixture-1000,fresh,100,1,60,348.512833,4.887833,354.011958,1.201083,7.759083,362.972291
fixture-1000,fresh,100,1,61,342.879166,4.725667,348.22425,1.116875,7.80025,357.141541
fixture-1000,fresh,100,1,62,338.237167,4.723625,343.579417,1.112458,7.338,352.030042
fixture-1000,fresh,100,1,63,323.19225,4.684667,328.509958,1.381625,7.71625,337.608083
fixture-1000,fresh,100,1,64,344.644542,4.619334,349.874042,1.174959,7.136917,358.186125
fixture-1000,fresh,100,1,65,327.684791,5.056708,333.758,1.384959,7.596417,342.739541
fixture-1000,fresh,100,1,66,340.315,4.938459,345.895167,1.267917,7.912584,355.075959
fixture-1000,fresh,100,1,67,324.47175,5.098542,330.224292,1.320416,7.413792,338.958709
fixture-1000,fresh,100,1,68,343.383416,4.911083,348.952833,1.292458,6.993417,357.238916
fixture-1000,fresh,100,1,69,331.245166,4.770917,336.641333,1.144,7.667625,345.453125
fixture-1000,fresh,100,1,70,361.032709,4.867666,366.524042,1.241459,7.729292,375.495042
fixture-1000,fresh,100,1,71,347.465625,5.483875,353.673041,1.340708,6.907333,361.921333
fixture-1000,fresh,100,1,72,358.701208,4.685292,364.018583,1.234041,7.148667,372.4015
fixture-1000,fresh,100,1,73,325.138833,4.683333,330.424041,1.136167,7.725,339.285416
fixture-1000,fresh,100,1,74,347.608583,4.529459,352.807375,1.114792,6.360792,360.283208
fixture-1000,fresh,100,1,75,318.169333,4.9755,323.790333,1.402375,7.770958,332.963875
fixture-1000,fresh,100,1,76,349.8645,5.047167,355.495542,1.296333,7.733583,364.525708
fixture-1000,fresh,100,1,77,326.848333,4.69425,332.163292,1.139125,7.627417,340.930042
fixture-1000,fresh,100,1,78,345.412917,4.888667,350.889875,1.147584,7.651209,359.688875
fixture-1000,fresh,100,1,79,332.734291,5.141542,338.588208,1.2205,7.603833,347.41275
fixture-1000,fresh,100,1,80,340.966167,4.836583,346.469458,1.282792,7.499458,355.251917
fixture-1000,fresh,100,1,81,332.281958,6.10475,339.062417,1.182084,10.68875,350.934417
fixture-1000,fresh,100,1,82,362.669083,4.93025,368.23675,1.171,7.89825,377.306208
fixture-1000,fresh,100,1,83,319.657041,5.292375,325.596416,1.0955,7.631875,334.324041
fixture-1000,fresh,100,1,84,337.695959,4.790875,343.099792,1.208709,7.894334,352.203084
fixture-1000,fresh,100,1,85,331.654834,5.228708,337.621459,1.089667,7.701,346.412292
fixture-1000,fresh,100,1,86,358.494125,4.7095,363.855042,1.144375,7.075833,372.075458
fixture-1000,fresh,100,1,87,316.758666,4.93025,322.313083,1.0825,7.729458,331.125291
fixture-1000,fresh,100,1,88,347.902625,4.952167,353.596209,1.2035,7.608333,362.40825
fixture-1000,fresh,100,1,89,321.203917,5.088375,326.910334,1.072959,7.73325,335.716709
fixture-1000,fresh,100,1,90,335.613166,4.82175,341.028166,1.078083,7.790416,349.896875
fixture-1000,fresh,100,1,91,314.287667,4.749083,319.716125,1.240833,7.594083,328.55125
fixture-1000,fresh,100,1,92,341.08475,5.030625,346.742375,1.089166,7.800458,355.632292
fixture-1000,fresh,100,1,93,324.325333,4.525708,329.46175,1.159417,7.763875,338.38525
fixture-1000,fresh,100,1,94,343.575166,4.75575,349.037083,1.17975,7.618334,357.835333
fixture-1000,fresh,100,1,95,326.784125,4.735833,332.19075,1.14475,6.932125,340.267958
fixture-1000,fresh,100,1,96,344.628917,4.814667,350.143042,1.314292,7.673125,359.130667
fixture-1000,fresh,100,1,97,322.682833,5.338167,328.644291,1.196625,7.339708,337.180791
fixture-1000,fresh,100,1,98,330.381208,4.540708,335.586458,1.16,7.768292,344.514958
fixture-1000,fresh,100,1,99,315.736208,4.609125,320.993291,1.207542,6.899125,329.100166
fixture-1000,fresh,100,2,0,1048.281916,10.129084,1059.650291,1.762459,8.869083,1070.546125
fixture-1000,fresh,100,2,1,62.814125,4.550208,67.984083,1.098042,6.897667,75.98
fixture-1000,fresh,100,2,2,56.341333,4.596875,61.554333,1.075875,7.78475,70.415208
fixture-1000,fresh,100,2,3,277.803458,5.093125,283.49125,1.255209,6.750834,291.497625
fixture-1000,fresh,100,2,4,337.754708,5.215667,343.602417,1.051833,7.981583,352.636083
fixture-1000,fresh,100,2,5,310.863541,5.0495,316.600291,1.282583,7.664292,325.547333
fixture-1000,fresh,100,2,6,340.10525,4.757292,345.601916,1.341,7.812583,354.755666
fixture-1000,fresh,100,2,7,312.287125,4.66975,317.668792,1.208417,7.6145,326.492
fixture-1000,fresh,100,2,8,338.48825,5.043917,344.182291,1.240625,7.861708,353.284833
fixture-1000,fresh,100,2,9,311.095417,4.851917,316.594167,1.512209,8.186042,326.292667
fixture-1000,fresh,100,2,10,357.645,5.017583,363.303959,1.1785,7.864417,372.347209
fixture-1000,fresh,100,2,11,318.220666,5.096083,323.989333,1.158,7.868958,333.016541
fixture-1000,fresh,100,2,12,348.91125,4.686583,354.219083,1.135458,7.838583,363.193333
fixture-1000,fresh,100,2,13,310.302875,4.602583,315.501208,1.158208,7.681583,324.341167
fixture-1000,fresh,100,2,14,354.4405,5.926958,361.182125,1.227167,7.049917,369.459375
fixture-1000,fresh,100,2,15,320.028375,4.858041,325.543208,1.038375,7.852834,334.434625
fixture-1000,fresh,100,2,16,346.679375,5.178959,352.758,1.292833,7.881833,361.932875
fixture-1000,fresh,100,2,17,321.454209,5.083375,327.181542,1.110792,7.262083,335.554625
fixture-1000,fresh,100,2,18,347.01175,4.919958,352.6385,1.354084,7.917792,361.910583
fixture-1000,fresh,100,2,19,322.812459,5.008334,328.483375,1.261083,6.751958,336.496667
fixture-1000,fresh,100,2,20,350.285584,4.882625,355.852709,1.314208,7.805542,364.972667
fixture-1000,fresh,100,2,21,323.024,5.413833,329.125417,1.336833,7.695333,338.157833
fixture-1000,fresh,100,2,22,345.360542,5.715166,351.874542,1.298958,7.932583,361.106292
fixture-1000,fresh,100,2,23,319.241375,4.696292,324.575375,1.349333,7.036958,332.961875
fixture-1000,fresh,100,2,24,352.416833,4.732083,357.895416,1.260708,6.903416,366.059833
fixture-1000,fresh,100,2,25,346.273208,4.611625,351.551583,1.141375,8.130334,360.823583
fixture-1000,fresh,100,2,26,354.832916,4.7315,360.221125,1.259292,7.763667,369.244333
fixture-1000,fresh,100,2,27,322.576708,4.6815,327.981833,1.185166,7.652458,336.81975
fixture-1000,fresh,100,2,28,344.608458,4.834459,350.056875,1.091792,9.16,360.309041
fixture-1000,fresh,100,2,29,326.82225,4.910833,332.43575,1.17675,7.686125,341.298916
fixture-1000,fresh,100,2,30,355.88775,5.076291,361.561583,1.046041,7.816,370.423791
fixture-1000,fresh,100,2,31,325.723583,4.64625,331.150125,1.189709,7.631959,339.972083
fixture-1000,fresh,100,2,32,339.160375,4.754166,344.509042,1.022208,7.804375,353.335875
fixture-1000,fresh,100,2,33,319.551625,4.667125,324.858083,1.268791,7.079958,333.207041
fixture-1000,fresh,100,2,34,334.294792,4.6055,339.498458,1.011875,7.753875,348.264458
fixture-1000,fresh,100,2,35,331.910792,4.557917,337.162625,1.287666,8.207875,346.658542
fixture-1000,fresh,100,2,36,334.3805,4.608,339.709292,1.093625,7.895416,348.698542
fixture-1000,fresh,100,2,37,320.5605,4.625167,325.798416,1.0575,7.898416,334.754583
fixture-1000,fresh,100,2,38,340.827916,4.527458,345.972041,1.127917,6.949917,354.050083
fixture-1000,fresh,100,2,39,318.252417,4.875917,323.783417,1.21025,7.581667,332.575542
fixture-1000,fresh,100,2,40,350.430417,4.619167,355.654459,1.103375,7.762625,364.520667
fixture-1000,fresh,100,2,41,321.859875,4.612583,327.093834,1.09775,6.780083,334.971875
fixture-1000,fresh,100,2,42,335.817125,4.612917,341.00825,1.177792,7.716125,349.902375
fixture-1000,fresh,100,2,43,317.787958,4.6795,323.126125,1.102375,7.787791,332.016541
fixture-1000,fresh,100,2,44,344.476334,4.928042,350.039084,1.0885,7.594125,358.721959
fixture-1000,fresh,100,2,45,320.259583,4.741166,325.646125,1.192917,7.611667,334.450958
fixture-1000,fresh,100,2,46,349.28525,4.966958,354.958791,1.457333,7.908125,364.3245
fixture-1000,fresh,100,2,47,322.590583,4.753208,327.963167,1.080042,6.518084,335.561542
fixture-1000,fresh,100,2,48,336.198375,4.862333,341.661209,1.113709,7.883709,350.658834
fixture-1000,fresh,100,2,49,320.926292,4.754167,326.269542,1.267,7.725625,335.262333
fixture-1000,fresh,100,2,50,341.376542,4.606709,346.624708,1.225917,7.481792,355.332708
fixture-1000,fresh,100,2,51,314.009542,4.775917,319.384459,1.121209,6.803584,327.309459
fixture-1000,fresh,100,2,52,344.512958,4.717834,349.909917,1.077917,7.852875,358.840875
fixture-1000,fresh,100,2,53,318.966792,4.599083,324.189,1.043791,7.630042,332.863042
fixture-1000,fresh,100,2,54,347.430209,5.287792,353.463667,1.368042,7.757833,362.589959
fixture-1000,fresh,100,2,55,340.648792,10.874917,352.283708,1.551083,8.053,361.888083
fixture-1000,fresh,100,2,56,348.807667,4.645125,354.085292,1.111958,7.650333,362.847792
fixture-1000,fresh,100,2,57,333.274542,4.727333,338.6295,1.464708,7.272292,347.366709
fixture-1000,fresh,100,2,58,339.9645,4.72525,345.32325,1.102125,7.581167,354.006834
fixture-1000,fresh,100,2,59,318.904167,5.300625,324.914959,1.347708,7.68975,333.952709
fixture-1000,fresh,100,2,60,340.274584,4.719375,345.605542,1.119916,7.433625,354.15925
fixture-1000,fresh,100,2,61,317.035541,4.765417,322.48425,1.160542,7.641667,331.286708
fixture-1000,fresh,100,2,62,347.690542,4.66575,353.020083,1.187208,7.608583,361.816208
fixture-1000,fresh,100,2,63,320.572542,5.001125,326.386542,1.177209,7.789333,335.353375
fixture-1000,fresh,100,2,64,358.121583,4.820542,363.588917,1.23,7.620875,372.44
fixture-1000,fresh,100,2,65,331.683125,4.8955,337.182833,1.070375,7.584458,345.837875
fixture-1000,fresh,100,2,66,342.710959,4.733166,348.078334,1.2935,7.56525,356.937292
fixture-1000,fresh,100,2,67,316.255917,4.605459,321.509709,1.156958,6.432542,329.099459
fixture-1000,fresh,100,2,68,378.927958,5.270583,384.952833,1.329833,6.639709,392.922625
fixture-1000,fresh,100,2,69,324.998583,4.957125,330.611208,1.294833,7.800125,339.706375
fixture-1000,fresh,100,2,70,348.40325,5.221,354.392125,1.362042,8.308292,364.062792
fixture-1000,fresh,100,2,71,331.458958,4.764542,337.078875,1.31,7.611,346.000083
fixture-1000,fresh,100,2,72,369.837875,4.787958,375.357959,1.0745,7.62825,384.060917
fixture-1000,fresh,100,2,73,327.498291,4.777833,332.949041,1.039167,7.719084,341.7075
fixture-1000,fresh,100,2,74,349.095375,4.824917,354.580084,1.170083,7.718333,363.46875
fixture-1000,fresh,100,2,75,324.931875,4.821459,330.400125,1.214,7.624375,339.23875
fixture-1000,fresh,100,2,76,346.438125,5.039833,352.105833,1.105042,7.719084,360.93025
fixture-1000,fresh,100,2,77,323.31175,4.84325,328.820042,1.215959,7.603959,337.640209
fixture-1000,fresh,100,2,78,342.37275,4.929375,348.106666,1.145625,7.756375,357.008833
fixture-1000,fresh,100,2,79,322.971708,4.646458,328.213625,1.336792,7.63775,337.188417
fixture-1000,fresh,100,2,80,331.437459,4.697166,336.78775,1.106583,7.137166,345.03175
fixture-1000,fresh,100,2,81,333.035958,4.647417,338.283917,1.125667,6.533708,345.943583
fixture-1000,fresh,100,2,82,339.639375,4.873167,345.277667,1.15825,7.866292,354.302459
fixture-1000,fresh,100,2,83,317.654792,4.767625,323.065167,1.443666,6.975083,331.484125
fixture-1000,fresh,100,2,84,332.869416,5.152459,338.715583,1.2725,7.566167,347.554458
fixture-1000,fresh,100,2,85,320.062125,4.920458,325.646,1.114375,7.58775,334.348334
fixture-1000,fresh,100,2,86,340.762667,5.1455,346.660542,1.2945,7.493334,355.448584
fixture-1000,fresh,100,2,87,322.524334,4.768958,327.970417,1.184542,7.794833,336.950042
fixture-1000,fresh,100,2,88,332.458625,5.001709,338.091792,1.150791,7.813,347.055792
fixture-1000,fresh,100,2,89,332.133208,4.725209,337.620125,1.308959,7.356334,346.285667
fixture-1000,fresh,100,2,90,339.291167,5.482042,345.482334,1.3865,7.756792,354.625917
fixture-1000,fresh,100,2,91,327.840916,4.701334,333.254166,1.171958,7.613208,342.039541
fixture-1000,fresh,100,2,92,343.015459,4.781916,348.433125,1.251875,7.715291,357.4005
fixture-1000,fresh,100,2,93,323.12775,4.886917,328.690417,1.25375,6.872417,336.81675
fixture-1000,fresh,100,2,94,334.246,4.665125,339.606125,1.175125,7.648625,348.430125
fixture-1000,fresh,100,2,95,327.654416,4.719917,333.095166,1.194416,7.508375,341.798208
fixture-1000,fresh,100,2,96,347.09575,6.047042,353.813375,1.095125,7.163416,362.072125
fixture-1000,fresh,100,2,97,331.523334,4.7595,336.941,1.1405,7.64425,345.726
fixture-1000,fresh,100,2,98,340.63725,4.630292,345.87675,1.121584,7.78525,354.783791
fixture-1000,fresh,100,2,99,324.273125,4.867084,330.062167,1.676375,7.658,339.397083
fixture-1000,fork,100,2,0,110.621584,0,112.504042,1.669042,7.618791,121.792084
fixture-1000,fork,100,2,1,361.301167,0,363.771167,1.540375,7.627667,372.939417
fixture-1000,fork,100,2,2,407.250916,0,409.522833,1.45675,6.8025,417.782333
fixture-1000,fork,100,2,3,375.208625,0,377.655,1.357458,7.647375,386.660125
fixture-1000,fork,100,2,4,394.539292,0,396.886459,1.37,6.663833,404.9205
fixture-1000,fork,100,2,5,423.368667,0,424.991917,1.41975,8.675625,435.087542
fixture-1000,fork,100,2,6,380.274542,0,382.7735,1.5915,7.601625,391.966834
fixture-1000,fork,100,2,7,400.791167,0,402.956292,1.314625,7.314083,411.585334
fixture-1000,fork,100,2,8,378.743875,0,381.296834,1.566833,7.5945,390.458625
fixture-1000,fork,100,2,9,403.836958,0,406.056875,1.246209,7.60225,414.905583
fixture-1000,fork,100,2,10,411.433875,0,413.26825,1.36675,7.37325,422.008459
fixture-1000,fork,100,2,11,397.615792,0,399.992125,1.57225,7.751083,409.315792
fixture-1000,fork,100,2,12,424.8135,0,426.723834,1.502375,7.641041,435.867459
fixture-1000,fork,100,2,13,406.351625,0,408.484958,1.471291,7.52175,417.478292
fixture-1000,fork,100,2,14,410.123125,0,412.170792,1.398209,7.546542,421.115792
fixture-1000,fork,100,2,15,402.193,0,404.205542,1.486542,7.556875,413.249125
fixture-1000,fork,100,2,16,410.221291,0,412.258166,1.483375,7.542709,421.2845
fixture-1000,fork,100,2,17,404.241125,0,406.547333,2.077292,7.510917,416.135833
fixture-1000,fork,100,2,18,411.447583,0,413.568083,1.336166,7.712125,422.616583
fixture-1000,fork,100,2,19,392.295625,0,394.6225,1.253459,7.643584,403.51975
fixture-1000,fork,100,2,20,412.659459,0,414.863209,1.2795,7.520625,423.663542
fixture-1000,fork,100,2,21,410.570584,0,412.8075,1.343666,7.694,421.845375
fixture-1000,fork,100,2,22,423.132333,0,425.281917,1.368708,7.7545,434.405375
fixture-1000,fork,100,2,23,398.291958,0,400.771958,1.435292,7.739875,409.947416
fixture-1000,fork,100,2,24,476.258875,0,479.249917,1.43,8.097833,488.778167
fixture-1000,fork,100,2,25,403.54925,0,405.743958,1.709291,7.5835,415.037125
fixture-1000,fork,100,2,26,430.104583,0,432.140292,1.517167,7.591958,441.249667
fixture-1000,fork,100,2,27,410.34975,0,412.752125,1.511792,7.470834,421.734917
fixture-1000,fork,100,2,28,417.678209,0,420.13975,1.470958,7.535292,429.14625
fixture-1000,fork,100,2,29,408.919959,0,411.302292,1.470083,7.703833,420.4765
fixture-1000,fork,100,2,30,420.127334,0,422.599959,1.503959,7.601875,431.705959
fixture-1000,fork,100,2,31,407.500292,0,410.7345,1.415708,8.471625,420.622084
fixture-1000,fork,100,2,32,445.1355,0,447.707792,1.41075,7.61275,456.7315
fixture-1000,fork,100,2,33,403.303833,0,405.514208,1.540708,7.659042,414.714125
fixture-1000,fork,100,2,34,415.551125,0,417.829125,1.5795,7.508209,426.917083
fixture-1000,fork,100,2,35,404.537833,0,406.692917,1.267333,7.548541,415.509042
fixture-1000,fork,100,2,36,419.137667,0,421.590333,1.493459,7.619459,430.7035
fixture-1000,fork,100,2,37,399.924,0,402.660459,1.656542,6.694208,411.011417
fixture-1000,fork,100,2,38,405.017708,0,407.471,1.4205,7.032625,415.924375
fixture-1000,fork,100,2,39,403.070625,0,405.364459,1.321208,7.659458,414.345334
fixture-1000,fork,100,2,40,403.191916,0,405.546583,1.608167,7.769291,414.92425
fixture-1000,fork,100,2,41,410.94275,0,413.413291,1.170166,6.726625,421.310333
fixture-1000,fork,100,2,42,413.167583,0,415.469791,1.310667,7.7075,424.488166
fixture-1000,fork,100,2,43,395.969333,0,398.350208,1.512375,7.066833,406.92975
fixture-1000,fork,100,2,44,406.728875,0,409.1925,1.523666,7.685208,418.401625
fixture-1000,fork,100,2,45,416.945791,0,419.381,1.581917,6.563166,427.52625
fixture-1000,fork,100,2,46,405.087,0,408.578625,1.438709,7.67875,417.696333
fixture-1000,fork,100,2,47,405.951667,0,409.027958,1.6145,8.099958,418.742708
fixture-1000,fork,100,2,48,426.297416,0,428.834375,1.541,7.651833,438.027416
fixture-1000,fork,100,2,49,405.21425,0,407.690292,1.431167,7.606041,416.727708
fixture-1000,fork,100,2,50,400.474667,0,402.896958,1.264917,7.620958,411.783083
fixture-1000,fork,100,2,51,390.81125,0,393.276125,1.415541,7.627375,402.319292
fixture-1000,fork,100,2,52,391.579458,0,393.816042,1.601833,7.609042,403.027125
fixture-1000,fork,100,2,53,391.90925,0,394.437084,1.593,7.768208,403.798542
fixture-1000,fork,100,2,54,400.102042,0,402.708958,1.561542,6.639417,410.91025
fixture-1000,fork,100,2,55,403.580667,0,406.024208,1.628708,7.589625,415.242792
fixture-1000,fork,100,2,56,403.810167,0,406.619209,1.42575,7.821958,415.867167
fixture-1000,fork,100,2,57,395.97275,0,398.502125,1.495083,7.601,407.598417
fixture-1000,fork,100,2,58,402.971792,0,405.660459,1.54775,7.5545,414.762875
fixture-1000,fork,100,2,59,394.414,0,396.869417,1.24675,7.70125,405.817667
fixture-1000,fork,100,2,60,405.559042,0,408.055,1.543458,7.577333,417.176
fixture-1000,fork,100,2,61,396.072041,0,398.692208,1.388,7.646667,407.727166
fixture-1000,fork,100,2,62,398.943542,0,401.551542,1.572541,7.798333,410.922875
fixture-1000,fork,100,2,63,404.897792,0,407.67625,1.742375,8.016917,417.435875
fixture-1000,fork,100,2,64,407.256958,0,409.901667,1.705125,6.830375,418.437333
fixture-1000,fork,100,2,65,396.378333,0,399.15075,1.270583,7.574916,407.996417
fixture-1000,fork,100,2,66,400.719667,0,403.83325,1.667666,7.645916,413.147125
fixture-1000,fork,100,2,67,381.756209,0,384.412,1.404583,7.618625,393.435417
fixture-1000,fork,100,2,68,396.809375,0,399.857709,1.376875,7.606667,408.841542
fixture-1000,fork,100,2,69,385.037041,0,387.428125,1.268583,7.61125,396.30825
fixture-1000,fork,100,2,70,400.75975,0,403.459042,1.573334,7.62025,412.653042
fixture-1000,fork,100,2,71,382.768584,0,385.333042,1.42475,7.534333,394.292334
fixture-1000,fork,100,2,72,401.611875,0,404.418041,1.36,7.527125,413.305416
fixture-1000,fork,100,2,73,392.28,0,395.024708,1.368208,7.623041,404.016333
fixture-1000,fork,100,2,74,406.640125,0,408.965833,1.255666,7.604125,417.825833
fixture-1000,fork,100,2,75,403.313666,0,405.675083,1.274833,7.483416,414.4335
fixture-1000,fork,100,2,76,402.1385,0,404.642167,1.3925,7.557458,413.592417
fixture-1000,fork,100,2,77,394.818417,0,397.4075,1.543584,7.445542,406.396917
fixture-1000,fork,100,2,78,397.675792,0,400.350209,1.301708,7.589375,409.2415
fixture-1000,fork,100,2,79,392.162666,0,394.66525,1.390875,6.519,402.575375
fixture-1000,fork,100,2,80,398.310167,0,400.778292,1.416417,7.664333,409.859334
fixture-1000,fork,100,2,81,386.37725,0,389.617833,1.67,7.712959,399.00125
fixture-1000,fork,100,2,82,394.387208,0,397.090125,1.523667,6.581792,405.195875
fixture-1000,fork,100,2,83,386.249875,0,388.729959,1.625125,7.577666,397.932959
fixture-1000,fork,100,2,84,389.1385,0,391.626084,1.445833,7.512125,400.58425
fixture-1000,fork,100,2,85,393.637167,0,396.095375,1.303042,7.5615,404.960167
fixture-1000,fork,100,2,86,391.545292,0,394.369459,1.608333,7.562833,403.540917
fixture-1000,fork,100,2,87,392.957834,0,395.634292,1.279583,7.619917,404.534084
fixture-1000,fork,100,2,88,391.623042,0,394.037375,1.635041,7.5835,403.256167
fixture-1000,fork,100,2,89,388.631542,0,391.344417,1.863041,7.612667,400.820542
fixture-1000,fork,100,2,90,390.464167,0,393.258125,1.520209,7.685917,402.4645
fixture-1000,fork,100,2,91,386.417375,0,389.181375,1.516084,7.603,398.300666
fixture-1000,fork,100,2,92,388.687958,0,391.53525,1.656834,7.58125,400.773583
fixture-1000,fork,100,2,93,399.267708,0,401.687375,1.463792,7.519541,410.670958
fixture-1000,fork,100,2,94,390.6595,0,393.45325,1.577,7.229209,402.259625
fixture-1000,fork,100,2,95,394.017916,0,396.589416,1.289167,7.511042,405.389833
fixture-1000,fork,100,2,96,392.412791,0,394.47775,1.554375,7.598,403.630333
fixture-1000,fork,100,2,97,388.734334,0,391.373625,1.467583,7.562708,400.404167
fixture-1000,fork,100,2,98,390.887458,0,393.447875,1.436709,7.6355,402.520417
fixture-1000,fork,100,2,99,391.099208,0,393.728458,1.514292,7.600375,402.843333
gorm-user-address,fork,10,0,0,114.239542,0,115.183792,1.400708,7.961292,124.546167
gorm-user-address,fork,10,0,1,362.73025,0,364.322708,1.4205,7.90275,373.646166
gorm-user-address,fork,10,0,2,407.457459,0,408.448125,1.58475,8.09225,418.1255
gorm-user-address,fork,10,0,3,404.444416,0,405.332333,1.374917,8.0005,414.708083
gorm-user-address,fork,10,0,4,411.115084,0,412.046959,1.442125,7.789458,421.278709
gorm-user-address,fork,10,0,5,402.244125,0,403.349584,1.457792,7.9895,412.797334
gorm-user-address,fork,10,0,6,416.2565,0,417.130167,1.352833,7.825125,426.308375
gorm-user-address,fork,10,0,7,407.189875,0,408.42575,1.040292,7.703084,417.169292
gorm-user-address,fork,10,0,8,398.182125,0,399.133125,1.398917,7.77025,408.302458
gorm-user-address,fork,10,0,9,414.231041,0,415.633083,1.573333,7.847958,425.054541
gorm-user-address,fresh,10,0,0,39.736083,3.44425,43.71025,1.121,7.043167,52.036291
gorm-user-address,fresh,10,0,1,54.743416,3.011417,58.269958,1.1685,7.98225,67.420916
gorm-user-address,fresh,10,0,2,54.583125,3.494292,58.615583,1.069625,8.085667,67.771125
gorm-user-address,fresh,10,0,3,266.209583,3.592042,270.426,1.35725,8.097583,279.881083
gorm-user-address,fresh,10,0,4,347.754,3.84025,352.259041,1.105417,8.134667,361.499291
gorm-user-address,fresh,10,0,5,311.386167,3.159208,315.155459,1.162667,8.022875,324.341167
gorm-user-address,fresh,10,0,6,361.396292,4.467209,366.563584,1.142959,7.633209,375.340209
gorm-user-address,fresh,10,0,7,327.1025,3.22575,330.973917,1.086666,7.980167,340.040959
gorm-user-address,fresh,10,0,8,352.368208,3.270333,356.307958,1.385167,8.137667,365.830958
gorm-user-address,fresh,10,0,9,305.536167,3.127625,309.204292,1.11975,7.828292,318.152584
gorm-user-address,fresh,10,1,0,39.136959,3.459917,43.142542,1.166333,8.232292,52.702459
gorm-user-address,fresh,10,1,1,55.945917,3.153667,59.72275,1.434375,7.087708,68.245083
gorm-user-address,fresh,10,1,2,56.152333,3.595125,60.364333,1.174417,7.851666,69.390625
gorm-user-address,fresh,10,1,3,245.3605,3.328292,249.237792,1.11525,7.973542,258.326875
gorm-user-address,fresh,10,1,4,341.092708,3.102833,344.715708,1.027041,6.936667,352.679625
gorm-user-address,fresh,10,1,5,297.43675,3.516625,301.652375,1.464917,7.538167,310.655917
gorm-user-address,fresh,10,1,6,351.467416,3.29425,355.298916,1.444916,7.60225,364.3465
gorm-user-address,fresh,10,1,7,291.971292,2.989375,295.53175,1.263708,7.8675,304.663125
gorm-user-address,fresh,10,1,8,354.047709,3.19075,357.935792,1.148584,8.156375,367.241
gorm-user-address,fresh,10,1,9,298.647,3.152417,302.352542,1.051,7.730375,311.134084
gorm-user-address,fork,10,1,0,111.128333,0,112.071166,1.462625,7.823334,121.357375
gorm-user-address,fork,10,1,1,108.517167,0,109.459667,1.334583,7.171916,117.966334
gorm-user-address,fork,10,1,2,319.80625,0,321.547666,1.32325,7.658875,330.529958
gorm-user-address,fork,10,1,3,389.898291,0,390.942833,1.40825,7.815917,400.16725
gorm-user-address,fork,10,1,4,370.811667,0,372.21025,1.469291,7.736208,381.415958
gorm-user-address,fork,10,1,5,404.273125,0,405.271042,1.325583,7.670458,414.267292
gorm-user-address,fork,10,1,6,353.970084,0,355.488917,1.50325,7.828458,364.820875
gorm-user-address,fork,10,1,7,419.814416,0,420.845333,1.437416,7.681916,429.964875
gorm-user-address,fork,10,1,8,358.202375,0,359.779833,1.687708,7.664583,369.132333
gorm-user-address,fork,10,1,9,400.109458,0,401.225333,1.552583,7.62225,410.400333
gorm-user-address,fork,10,2,0,110.208583,0,111.10925,1.341584,6.781167,119.232333
gorm-user-address,fork,10,2,1,323.160875,0,324.677667,1.182125,7.745416,333.605417
gorm-user-address,fork,10,2,2,566.393375,0,567.510083,1.293458,7.828375,576.632167
gorm-user-address,fork,10,2,3,551.891916,0,552.875125,1.492917,10.62975,564.998083
gorm-user-address,fork,10,2,4,424.378375,0,425.562042,1.458458,7.638333,434.659125
gorm-user-address,fork,10,2,5,383.919917,0,384.856708,1.442125,8.084416,394.383458
gorm-user-address,fork,10,2,6,386.228792,0,387.296167,1.66125,7.635,396.592583
gorm-user-address,fork,10,2,7,394.504458,0,395.652666,1.392542,7.6365,404.682
gorm-user-address,fork,10,2,8,405.528542,0,406.5525,1.256792,7.812833,415.622375
gorm-user-address,fork,10,2,9,393.910625,0,395.026125,1.340167,7.797584,404.164084
gorm-user-address,fresh,10,2,0,41.140917,3.679833,45.375792,1.181834,8.393625,55.1
gorm-user-address,fresh,10,2,1,50.604167,3.040334,54.252709,1.174083,7.926167,63.353167
gorm-user-address,fresh,10,2,2,53.953708,3.137166,57.621583,1.092375,7.865958,66.580125
gorm-user-address,fresh,10,2,3,275.319875,3.303917,279.22075,1.223625,7.828125,288.272667
gorm-user-address,fresh,10,2,4,322.541167,3.205208,326.263083,1.132125,7.875334,335.270792
gorm-user-address,fresh,10,2,5,303.233625,3.243958,307.129875,1.081792,6.528292,314.740125
gorm-user-address,fresh,10,2,6,329.461625,3.210834,333.253541,1.176292,7.7915,342.221541
gorm-user-address,fresh,10,2,7,318.398333,3.154917,322.199708,1.114708,7.823916,331.138542
gorm-user-address,fresh,10,2,8,344.290542,3.081709,347.911334,1.032334,7.177792,356.121667
gorm-user-address,fresh,10,2,9,304.082,3.283459,308.016333,1.0765,7.791959,316.884958
gorm-user-address,fork,50,0,0,113.383333,0,114.412833,1.359292,7.682416,123.454791
gorm-user-address,fork,50,0,1,328.712042,0,329.763209,1.246042,7.687458,338.696917
gorm-user-address,fork,50,0,2,376.234292,0,377.330333,1.174292,7.779917,386.28475
gorm-user-address,fork,50,0,3,363.718458,0,365.401375,1.461792,7.081791,373.945125
gorm-user-address,fork,50,0,4,387.563792,0,388.746459,1.363458,7.796,397.906167
gorm-user-address,fork,50,0,5,360.86625,0,361.678666,1.228417,7.634542,370.541833
gorm-user-address,fork,50,0,6,381.182291,0,382.358833,1.283791,7.822,391.464875
gorm-user-address,fork,50,0,7,403.720667,0,404.4425,1.200125,7.835291,413.478125
gorm-user-address,fork,50,0,8,411.640333,0,412.590958,1.260167,7.73175,421.583083
gorm-user-address,fork,50,0,9,388.07725,0,389.505208,1.462791,7.731125,398.699417
gorm-user-address,fork,50,0,10,537.093625,0,537.902583,1.434458,7.378917,546.716125
gorm-user-address,fork,50,0,11,388.204292,0,389.647375,1.534583,7.670625,398.85275
gorm-user-address,fork,50,0,12,395.354958,0,396.368708,1.697583,7.768416,405.834875
gorm-user-address,fork,50,0,13,382.702333,0,384.060375,1.377666,7.724708,393.162958
gorm-user-address,fork,50,0,14,380.917167,0,381.735125,1.45825,7.67675,390.870292
gorm-user-address,fork,50,0,15,395.980417,0,397.25225,1.445792,7.845334,406.543584
gorm-user-address,fork,50,0,16,417.615417,0,418.634209,1.538375,16.775958,436.949
gorm-user-address,fork,50,0,17,389.098458,0,390.743833,0.865333,7.261292,398.87075
gorm-user-address,fork,50,0,18,402.110041,0,402.98725,1.205291,7.641167,411.834
gorm-user-address,fork,50,0,19,369.486666,0,370.638833,1.573709,7.920417,380.133208
gorm-user-address,fork,50,0,20,443.45275,0,445.276875,1.310084,7.521292,454.108458
gorm-user-address,fork,50,0,21,369.894666,0,371.40775,1.580625,7.813833,380.802416
gorm-user-address,fork,50,0,22,397.224333,0,398.723958,1.511416,7.609958,407.845583
gorm-user-address,fork,50,0,23,365.947,0,367.409291,1.348416,7.869542,376.6275
gorm-user-address,fork,50,0,24,389.926667,0,391.287083,1.346166,7.6415,400.275
gorm-user-address,fork,50,0,25,378.955875,0,380.226584,1.358542,7.199084,388.784417
gorm-user-address,fork,50,0,26,399.280583,0,400.651417,1.37525,7.775458,409.802333
gorm-user-address,fork,50,0,27,362.064625,0,363.451875,1.464083,7.760333,372.6765
gorm-user-address,fork,50,0,28,393.7585,0,395.108042,1.389917,7.699708,404.197875
gorm-user-address,fork,50,0,29,377.897,0,379.400708,1.368166,7.712667,388.481708
gorm-user-address,fork,50,0,30,378.540083,0,379.847917,1.301042,7.677541,388.826708
gorm-user-address,fork,50,0,31,364.738375,0,365.801125,1.353583,7.638292,374.793208
gorm-user-address,fork,50,0,32,384.600041,0,386.2725,1.53575,7.876625,395.685166
gorm-user-address,fork,50,0,33,380.118791,0,381.388375,1.27675,7.648875,390.314291
gorm-user-address,fork,50,0,34,385.855042,0,387.261417,1.381292,7.6595,396.302417
gorm-user-address,fork,50,0,35,402.797792,0,403.849667,1.207334,7.844375,412.901542
gorm-user-address,fork,50,0,36,384.735,0,386.310875,1.303542,7.749541,395.364167
gorm-user-address,fork,50,0,37,403.205917,0,404.37325,1.295041,14.036333,419.704833
gorm-user-address,fork,50,0,38,417.44825,0,419.007958,1.234083,7.755541,427.997791
gorm-user-address,fork,50,0,39,395.826292,0,396.832167,1.291334,7.635458,405.759208
gorm-user-address,fork,50,0,40,378.336041,0,379.844875,1.38975,6.699917,387.934833
gorm-user-address,fork,50,0,41,390.588084,0,391.710417,1.307792,7.754542,400.773042
gorm-user-address,fork,50,0,42,369.837083,0,371.45175,1.3115,7.7355,380.498916
gorm-user-address,fork,50,0,43,365.95075,0,367.08,1.277292,7.6225,375.980083
gorm-user-address,fork,50,0,44,372.402875,0,373.842333,1.281291,7.761291,382.885333
gorm-user-address,fork,50,0,45,375.693125,0,377.098,1.31875,7.669583,386.086541
gorm-user-address,fork,50,0,46,382.7075,0,384.300458,1.489375,7.584833,393.374833
gorm-user-address,fork,50,0,47,370.094,0,371.611083,1.42825,7.5495,380.589041
gorm-user-address,fork,50,0,48,378.337958,0,379.865375,1.591875,7.715083,389.172583
gorm-user-address,fork,50,0,49,361.03975,0,362.698625,1.418792,7.765042,371.882667
gorm-user-address,fresh,50,0,0,1052.908,3.48375,1056.913875,1.067834,8.017459,1066.134333
gorm-user-address,fresh,50,0,1,71.041083,3.147541,74.761375,1.138459,7.862125,83.762208
gorm-user-address,fresh,50,0,2,53.88425,2.899125,57.287458,0.923,7.943084,66.153792
gorm-user-address,fresh,50,0,3,289.341458,3.423458,293.424166,1.2245,6.523,301.171875
gorm-user-address,fresh,50,0,4,337.518083,3.183375,341.278375,1.195542,7.837083,350.311166
gorm-user-address,fresh,50,0,5,297.228666,3.192208,300.9715,1.091,7.631,309.693708
gorm-user-address,fresh,50,0,6,329.087958,2.987542,332.65525,1.021875,7.731417,341.40875
gorm-user-address,fresh,50,0,7,306.658125,3.682458,311.07,1.43075,7.895125,320.396083
gorm-user-address,fresh,50,0,8,337.923917,2.979208,341.413292,0.992959,7.747667,350.154125
gorm-user-address,fresh,50,0,9,317.412167,3.720333,321.769084,1.360333,7.879208,331.008917
gorm-user-address,fresh,50,0,10,332.923833,3.258875,336.798208,1.331291,7.805375,345.935041
gorm-user-address,fresh,50,0,11,307.957917,3.418625,311.932458,1.060083,7.899458,320.89225
gorm-user-address,fresh,50,0,12,331.449125,2.909541,334.88675,1.00075,7.810542,343.69825
gorm-user-address,fresh,50,0,13,308.010334,2.889083,311.428292,1.200666,7.845125,320.474292
gorm-user-address,fresh,50,0,14,329.037666,3.098166,332.628041,1.034875,7.718792,341.381958
gorm-user-address,fresh,50,0,15,312.677916,3.527625,316.795666,1.267,7.74775,325.810666
gorm-user-address,fresh,50,0,16,330.621083,3.190916,334.373125,1.18325,7.889916,343.446583
gorm-user-address,fresh,50,0,17,306.762334,3.337209,310.67975,1.0185,7.720333,319.41875
gorm-user-address,fresh,50,0,18,336.386375,3.486667,340.448875,1.289167,7.879709,349.618042
gorm-user-address,fresh,50,0,19,328.6425,3.278375,332.446875,1.114834,7.883709,341.445583
gorm-user-address,fresh,50,0,20,337.639,3.046792,341.220167,1.007709,6.795417,349.0235
gorm-user-address,fresh,50,0,21,317.029959,3.050542,320.656375,1.076125,7.815166,329.547875
gorm-user-address,fresh,50,0,22,341.525541,3.294958,345.327041,1.308208,7.909166,354.544666
gorm-user-address,fresh,50,0,23,315.7805,3.02475,319.334083,1.005208,7.689917,328.029458
gorm-user-address,fresh,50,0,24,348.125125,3.397583,352.122792,1.206083,7.789875,361.119
gorm-user-address,fresh,50,0,25,330.467416,2.928083,334.059041,1.093625,7.725,342.877916
gorm-user-address,fresh,50,0,26,344.227166,3.234834,347.980833,1.018,7.751958,356.751
gorm-user-address,fresh,50,0,27,315.329083,3.079041,318.908583,1.143833,7.183792,327.236417
gorm-user-address,fresh,50,0,28,324.595292,2.968625,328.106667,1.013542,7.870834,336.991292
gorm-user-address,fresh,50,0,29,311.069917,2.997625,314.622042,1.109542,7.001125,322.732958
gorm-user-address,fresh,50,0,30,334.791791,3.125709,338.441416,1.018042,7.686334,347.146
gorm-user-address,fresh,50,0,31,315.791084,3.089083,319.445042,1.128709,6.619209,327.193209
gorm-user-address,fresh,50,0,32,324.180584,3.793292,328.514792,1.195458,7.880625,337.591209
gorm-user-address,fresh,50,0,33,304.614916,3.07225,308.205583,1.127625,7.904417,317.237791
gorm-user-address,fresh,50,0,34,335.361208,3.045541,338.915208,1.037833,6.769208,346.722458
gorm-user-address,fresh,50,0,35,305.374458,2.943458,308.87625,1.122417,6.623208,316.622041
gorm-user-address,fresh,50,0,36,329.175125,3.005917,332.743125,1.136875,7.803125,341.683334
gorm-user-address,fresh,50,0,37,307.728584,2.899708,311.170667,1.028916,7.880208,320.08
gorm-user-address,fresh,50,0,38,337.280958,3.042458,340.8285,1.449584,7.700417,349.978708
gorm-user-address,fresh,50,0,39,318.023292,3.13275,321.707125,1.071,7.946541,330.724834
gorm-user-address,fresh,50,0,40,333.87475,3.2415,337.747583,1.324416,7.953208,347.025417
gorm-user-address,fresh,50,0,41,312.249334,3.15025,316.060125,1.075792,7.914084,325.050209
gorm-user-address,fresh,50,0,42,333.319208,3.27775,337.267458,1.176958,7.8805,346.325166
gorm-user-address,fresh,50,0,43,312.567541,2.954125,316.08875,1.0485,7.77075,324.908166
gorm-user-address,fresh,50,0,44,334.748916,3.137833,338.4275,1.049,7.808458,347.285125
gorm-user-address,fresh,50,0,45,314.578833,3.101333,318.261583,1.232416,7.926458,327.420708
gorm-user-address,fresh,50,0,46,325.628375,3.1555,329.414625,1.140625,7.93975,338.495209
gorm-user-address,fresh,50,0,47,308.6535,3.480208,312.7415,1.256583,7.014125,321.012417
gorm-user-address,fresh,50,0,48,325.293792,3.095125,328.949667,1.078125,7.858125,337.886167
gorm-user-address,fresh,50,0,49,313.573666,3.212792,317.33875,1.219625,7.822333,326.380875
gorm-user-address,fresh,50,1,0,41.950208,3.623792,46.101875,1.170458,7.982083,55.392
gorm-user-address,fresh,50,1,1,53.161625,3.122125,56.852917,1.051333,7.880042,65.784542
gorm-user-address,fresh,50,1,2,54.092666,3.047291,57.632833,0.924625,7.940292,66.498
gorm-user-address,fresh,50,1,3,291.342042,3.098792,295.092792,1.277084,7.902,304.272042
gorm-user-address,fresh,50,1,4,316.646417,3.320292,320.529,1.283917,7.962584,329.775667
gorm-user-address,fresh,50,1,5,294.302417,3.176958,298.020209,1.105417,7.88675,307.012584
gorm-user-address,fresh,50,1,6,351.699625,3.06325,355.392792,1.165417,7.778,364.336417
gorm-user-address,fresh,50,1,7,300.651875,3.095625,304.280333,1.122667,7.757792,313.161
gorm-user-address,fresh,50,1,8,359.529625,3.517541,363.564708,1.23625,7.889125,372.690291
gorm-user-address,fresh,50,1,9,303.838709,3.197542,307.715042,1.059958,7.007375,315.782584
gorm-user-address,fresh,50,1,10,332.441875,3.263042,336.317709,1.29225,7.887458,345.497584
gorm-user-address,fresh,50,1,11,301.471042,3.168333,305.144042,1.105042,7.72075,313.97
gorm-user-address,fresh,50,1,12,347.168583,3.299209,351.030666,1.435375,7.96,360.426208
gorm-user-address,fresh,50,1,13,310.960708,3.014166,314.5825,1.175833,7.711041,323.469542
gorm-user-address,fresh,50,1,14,332.337834,2.892791,335.744167,1.143291,7.9325,344.820167
gorm-user-address,fresh,50,1,15,322.485333,3.624833,326.698791,1.321708,8.07975,336.100458
gorm-user-address,fresh,50,1,16,348.091417,3.189667,351.816667,1.060125,7.959209,360.836209
gorm-user-address,fresh,50,1,17,325.230292,3.057042,328.856584,1.073209,7.845459,337.775417
gorm-user-address,fresh,50,1,18,343.604,3.051917,347.2295,1.046542,7.70775,355.983959
gorm-user-address,fresh,50,1,19,319.211,3.330333,323.210583,1.146667,7.94025,332.297667
gorm-user-address,fresh,50,1,20,335.969167,3.078792,339.661,1.098,7.819209,348.578417
gorm-user-address,fresh,50,1,21,343.958792,3.3845,347.98075,1.203417,7.745542,356.929875
gorm-user-address,fresh,50,1,22,342.960625,3.174416,346.669583,1.028458,7.790333,355.488541
gorm-user-address,fresh,50,1,23,314.768209,2.988958,318.275,1.022292,7.759792,327.05725
gorm-user-address,fresh,50,1,24,339.226458,3.278375,343.100583,1.194583,7.829833,352.125208
gorm-user-address,fresh,50,1,25,318.283,3.521209,322.436458,1.163583,7.78,331.380208
gorm-user-address,fresh,50,1,26,338.926875,3.079208,342.581542,1.059791,7.815375,351.456917
gorm-user-address,fresh,50,1,27,353.063584,3.192375,356.871,1.116083,7.753125,365.740417
gorm-user-address,fresh,50,1,28,340.976958,3.070709,344.57575,1.071,7.878,353.524958
gorm-user-address,fresh,50,1,29,319.597708,3.139667,323.365333,1.215416,7.301375,331.882375
gorm-user-address,fresh,50,1,30,351.712834,3.01875,355.256417,0.982291,7.957083,364.195959
gorm-user-address,fresh,50,1,31,312.186625,3.079791,315.836625,1.187042,7.804041,324.827875
gorm-user-address,fresh,50,1,32,338.188167,3.196375,341.997667,1.082084,7.68175,350.761708
gorm-user-address,fresh,50,1,33,312.969084,3.182875,316.713084,1.0395,7.854,325.606709
gorm-user-address,fresh,50,1,34,328.5885,3.287416,332.443709,1.1495,7.799791,341.393209
gorm-user-address,fresh,50,1,35,313.477834,3.006,317.076834,1.088709,7.778084,325.943834
gorm-user-address,fresh,50,1,36,333.820375,2.999791,337.329625,1.32775,7.789583,346.447209
gorm-user-address,fresh,50,1,37,316.303916,3.140833,319.99375,1.134334,7.728083,328.856416
gorm-user-address,fresh,50,1,38,356.738791,4.50075,361.99725,1.575959,7.810458,371.384208
gorm-user-address,fresh,50,1,39,321.943167,3.371333,326.007833,1.356917,7.79325,335.158208
gorm-user-address,fresh,50,1,40,349.387542,3.025041,352.983125,1.289125,7.690084,361.9625
gorm-user-address,fresh,50,1,41,337.878625,3.166542,341.7605,1.228875,7.861375,350.850958
gorm-user-address,fresh,50,1,42,333.4375,3.145959,337.2895,1.102875,7.868917,346.261458
gorm-user-address,fresh,50,1,43,325.289375,3.115292,328.975166,1.21025,7.830916,338.0165
gorm-user-address,fresh,50,1,44,338.099125,3.2515,341.924375,1.150625,7.77975,350.855
gorm-user-address,fresh,50,1,45,321.210792,3.2935,325.14825,1.187375,7.887667,334.223458
gorm-user-address,fresh,50,1,46,346.08275,3.133459,349.826292,1.238292,7.781416,358.846167
gorm-user-address,fresh,50,1,47,323.008584,3.26675,327.012084,1.056458,7.779833,335.848584
gorm-user-address,fresh,50,1,48,338.32425,3.00125,341.904917,1.013417,7.726875,350.645375
gorm-user-address,fresh,50,1,49,324.613917,2.869917,328.067792,1.100458,7.718,336.886459
gorm-user-address,fork,50,1,0,107.287667,0,108.319208,1.359166,7.640417,117.319
gorm-user-address,fork,50,1,1,385.86875,0,387.062916,1.25575,7.767833,396.086791
gorm-user-address,fork,50,1,2,400.358833,0,401.139667,1.311709,8.167167,410.618708
gorm-user-address,fork,50,1,3,120.055167,0,120.904584,1.548459,7.910083,130.363334
gorm-user-address,fork,50,1,4,390.889834,0,392.278167,1.522125,7.793958,401.5945
gorm-user-address,fork,50,1,5,406.062833,0,407.200958,1.328708,7.813375,416.343333
gorm-user-address,fork,50,1,6,419.712375,0,420.773542,1.505209,7.685334,429.96425
gorm-user-address,fork,50,1,7,411.300875,0,413.016792,1.725166,7.767917,422.510042
gorm-user-address,fork,50,1,8,415.211875,0,416.781583,1.378333,7.807375,425.9675
gorm-user-address,fork,50,1,9,412.957333,0,414.492833,1.215583,7.193166,422.901833
gorm-user-address,fork,50,1,10,408.453083,0,410.025417,1.361834,7.611084,418.998542
gorm-user-address,fork,50,1,11,393.438875,0,394.787625,1.3045,7.8395,403.931834
gorm-user-address,fork,50,1,12,417.336209,0,418.75075,1.316166,7.857291,427.924584
gorm-user-address,fork,50,1,13,399.028875,0,400.317542,1.323291,7.702417,409.343459
gorm-user-address,fork,50,1,14,386.509042,0,388.122334,1.476917,7.790667,397.390167
gorm-user-address,fork,50,1,15,402.69425,0,404.410875,1.40375,7.676,413.490792
gorm-user-address,fork,50,1,16,389.070792,0,390.596875,1.236625,6.521708,398.355417
gorm-user-address,fork,50,1,17,402.588542,0,404.402625,1.405,7.597959,413.405792
gorm-user-address,fork,50,1,18,409.419334,0,410.904459,1.345875,7.825917,420.076459
gorm-user-address,fork,50,1,19,404.924542,0,406.304959,1.461667,7.772333,415.539167
gorm-user-address,fork,50,1,20,399.917417,0,401.443458,1.259916,7.445,410.148625
gorm-user-address,fork,50,1,21,394.400208,0,396.160708,1.147,7.634167,404.942083
gorm-user-address,fork,50,1,22,415.833542,0,417.403459,1.51725,7.662375,426.583292
gorm-user-address,fork,50,1,23,402.231792,0,403.948167,1.48,7.828791,413.25725
gorm-user-address,fork,50,1,24,397.866667,0,399.580625,1.146459,6.894209,407.621542
gorm-user-address,fork,50,1,25,380.787709,0,382.197792,1.389875,7.785083,391.373
gorm-user-address,fork,50,1,26,379.719791,0,381.527708,1.647125,7.813667,390.98875
gorm-user-address,fork,50,1,27,389.802209,0,391.360917,1.48625,7.801542,400.648917
gorm-user-address,fork,50,1,28,386.755584,0,387.84725,1.602,7.654833,397.10425
gorm-user-address,fork,50,1,29,386.808834,0,388.579167,1.476375,7.799125,397.854875
gorm-user-address,fork,50,1,30,386.993458,0,388.965667,1.563,7.959666,398.488583
gorm-user-address,fork,50,1,31,411.651542,0,413.2285,1.471084,7.701,422.400833
gorm-user-address,fork,50,1,32,447.552959,0,449.314584,1.256167,7.805875,458.376875
gorm-user-address,fork,50,1,33,408.028542,0,409.561209,1.24375,8.457583,419.26275
gorm-user-address,fork,50,1,34,401.064125,0,402.6865,1.451125,7.681458,411.81925
gorm-user-address,fork,50,1,35,397.782542,0,399.122125,1.462792,7.733625,408.318833
gorm-user-address,fork,50,1,36,387.21075,0,388.921709,1.625167,7.733084,398.280209
gorm-user-address,fork,50,1,37,393.891958,0,395.474708,1.211125,7.708875,404.394958
gorm-user-address,fork,50,1,38,385.119625,0,386.68675,1.441292,7.642917,395.77125
gorm-user-address,fork,50,1,39,387.0685,0,388.549042,1.376916,7.628667,397.554792
gorm-user-address,fork,50,1,40,386.533792,0,388.20275,1.411458,7.690667,397.305084
gorm-user-address,fork,50,1,41,383.912375,0,385.958583,1.693333,7.772958,395.425083
gorm-user-address,fork,50,1,42,410.240583,0,411.733458,1.447167,6.768583,419.949458
gorm-user-address,fork,50,1,43,390.403083,0,392.170042,1.719583,7.689708,401.579667
gorm-user-address,fork,50,1,44,400.307834,0,402.005875,1.321416,7.717875,411.045417
gorm-user-address,fork,50,1,45,397.083542,0,398.547542,1.601709,7.803334,407.952834
gorm-user-address,fork,50,1,46,389.141083,0,391.215375,1.556291,7.743417,400.51525
gorm-user-address,fork,50,1,47,387.56475,0,389.105334,1.249167,7.6255,397.98025
gorm-user-address,fork,50,1,48,390.802083,0,392.286208,1.745833,7.796916,401.829167
gorm-user-address,fork,50,1,49,409.066667,0,410.669958,1.10175,7.350083,419.122
gorm-user-address,fork,50,2,0,107.762042,0,108.779709,1.39,16.044375,126.214292
gorm-user-address,fork,50,2,1,383.03275,0,384.413875,1.311916,7.712,393.438
gorm-user-address,fork,50,2,2,406.14925,0,407.691875,1.505708,7.181958,416.37975
gorm-user-address,fork,50,2,3,404.786834,0,405.571,1.306,7.834125,414.711417
gorm-user-address,fork,50,2,4,404.528875,0,405.844375,1.176667,7.27925,414.300459
gorm-user-address,fork,50,2,5,389.767792,0,390.981208,1.501583,7.694167,400.177167
gorm-user-address,fork,50,2,6,377.251125,0,378.608417,1.328875,7.685875,387.623375
gorm-user-address,fork,50,2,7,382.327625,0,384.076375,1.492417,7.806708,393.37575
gorm-user-address,fork,50,2,8,380.286083,0,381.925083,1.610958,7.637083,391.173333
gorm-user-address,fork,50,2,9,382.591833,0,383.852041,1.247042,7.859834,392.959208
gorm-user-address,fork,50,2,10,377.83575,0,379.541292,1.531917,9.610875,390.684292
gorm-user-address,fork,50,2,11,374.153583,0,375.794583,1.439667,7.731334,384.965875
gorm-user-address,fork,50,2,12,373.3345,0,374.382042,1.279417,7.756334,383.418042
gorm-user-address,fork,50,2,13,387.192542,0,388.858084,1.396,8.025,398.279334
gorm-user-address,fork,50,2,14,374.107167,0,375.705042,1.357083,7.051417,384.113792
gorm-user-address,fork,50,2,15,384.051333,0,385.880083,1.530416,6.546458,393.957208
gorm-user-address,fork,50,2,16,378.454334,0,380.345709,1.355375,7.728708,389.43
gorm-user-address,fork,50,2,17,386.670833,0,388.024583,1.341375,7.511834,396.878083
gorm-user-address,fork,50,2,18,394.825167,0,395.950042,1.471584,7.178417,404.60025
gorm-user-address,fork,50,2,19,383.652833,0,385.274375,1.268875,7.685542,394.229
gorm-user-address,fork,50,2,20,377.070291,0,378.716625,1.617583,7.720375,388.054875
gorm-user-address,fork,50,2,21,373.590167,0,375.133667,1.38725,7.602125,384.123334
gorm-user-address,fork,50,2,22,374.195709,0,375.671375,1.302875,9.397875,386.372375
gorm-user-address,fork,50,2,23,379.71025,0,381.361583,1.453583,7.743292,390.55875
gorm-user-address,fork,50,2,24,378.781125,0,380.305917,1.262958,7.79125,389.360334
gorm-user-address,fork,50,2,25,386.657584,0,388.334792,1.472958,7.722083,397.530125
gorm-user-address,fork,50,2,26,387.632125,0,389.293875,1.521666,7.660375,398.476167
gorm-user-address,fork,50,2,27,384.389792,0,386.167583,1.556375,7.72925,395.4535
gorm-user-address,fork,50,2,28,385.6705,0,387.245875,1.322833,7.624333,396.193292
gorm-user-address,fork,50,2,29,378.3405,0,380.093,1.272542,7.656167,389.022
gorm-user-address,fork,50,2,30,384.642083,0,386.673708,1.535333,7.69575,395.905041
gorm-user-address,fork,50,2,31,381.332667,0,382.89425,1.248666,7.222292,391.365417
gorm-user-address,fork,50,2,32,392.535292,0,394.110667,1.413417,6.89825,402.422584
gorm-user-address,fork,50,2,33,410.472833,0,412.141791,1.599,6.882125,420.623166
gorm-user-address,fork,50,2,34,384.982834,0,386.571209,1.397333,7.72125,395.690042
gorm-user-address,fork,50,2,35,371.452459,0,373.05225,1.28875,7.788666,382.129875
gorm-user-address,fork,50,2,36,379.822042,0,381.601583,1.550166,7.872875,391.024958
gorm-user-address,fork,50,2,37,389.319417,0,390.729125,1.255291,7.814125,399.798833
gorm-user-address,fork,50,2,38,375.572709,0,376.934625,1.661208,7.669833,386.266
gorm-user-address,fork,50,2,39,378.778833,0,380.067917,1.346875,7.750458,389.165458
gorm-user-address,fork,50,2,40,387.932417,0,389.292292,1.422709,7.672834,398.388042
gorm-user-address,fork,50,2,41,382.134958,0,383.627083,1.411041,7.800041,392.838375
gorm-user-address,fork,50,2,42,372.366708,0,374.050958,1.347208,7.654083,383.0525
gorm-user-address,fork,50,2,43,386.251417,0,388.12125,1.36325,7.722083,397.206792
gorm-user-address,fork,50,2,44,374.833417,0,376.8695,1.448125,7.61525,385.933084
gorm-user-address,fork,50,2,45,368.29325,0,369.877042,1.576917,7.680416,379.134583
gorm-user-address,fork,50,2,46,378.750958,0,380.519667,1.20425,7.661584,389.385792
gorm-user-address,fork,50,2,47,373.390542,0,374.997459,1.47575,7.693666,384.167125
gorm-user-address,fork,50,2,48,373.566792,0,375.12575,1.34925,7.759417,384.234625
gorm-user-address,fork,50,2,49,385.483416,0,387.048125,1.50825,7.772167,396.32875
gorm-user-address,fresh,50,2,0,41.040458,3.293917,44.885083,1.08625,6.84025,52.953917
gorm-user-address,fresh,50,2,1,50.023041,3.214958,53.7965,1.116625,7.929833,62.843166
gorm-user-address,fresh,50,2,2,56.969583,3.142,60.703208,1.220583,7.944875,69.868833
gorm-user-address,fresh,50,2,3,192.217708,3.161708,195.905416,1.101458,7.916166,204.923291
gorm-user-address,fresh,50,2,4,348.270208,3.338959,352.271666,1.143375,7.914583,361.329833
gorm-user-address,fresh,50,2,5,263.262917,3.317917,267.115333,1.139292,7.854292,276.109125
gorm-user-address,fresh,50,2,6,318.297209,3.055166,321.839042,1.037875,7.816125,330.69325
gorm-user-address,fresh,50,2,7,270.323083,3.42725,274.399958,1.138791,7.293667,282.832625
gorm-user-address,fresh,50,2,8,322.541792,3.101292,326.213458,1.0385,7.828625,335.080833
gorm-user-address,fresh,50,2,9,292.361667,3.28225,296.21275,1.259916,7.783625,305.2565
gorm-user-address,fresh,50,2,10,329.889459,3.316208,333.833375,1.200583,7.944166,342.978334
gorm-user-address,fresh,50,2,11,275.495292,3.024084,279.038084,0.950584,7.73875,287.727584
gorm-user-address,fresh,50,2,12,323.124541,5.9375,329.636541,1.203125,7.9435,338.783333
gorm-user-address,fresh,50,2,13,296.423542,3.299209,300.359625,1.322792,6.794375,308.476959
gorm-user-address,fresh,50,2,14,327.066166,3.201166,330.851875,1.14925,7.878292,339.879583
gorm-user-address,fresh,50,2,15,275.631583,2.986,279.148208,1.026625,7.824209,287.99925
gorm-user-address,fresh,50,2,16,329.042375,3.376584,333.037667,1.146084,7.806875,341.990958
gorm-user-address,fresh,50,2,17,269.527375,3.049292,273.11575,1.075416,7.799375,281.99075
gorm-user-address,fresh,50,2,18,317.243042,3.313584,321.082084,1.058875,7.886708,330.027917
gorm-user-address,fresh,50,2,19,273.156959,3.0085,276.678625,1.159583,7.812375,285.650792
gorm-user-address,fresh,50,2,20,329.282292,3.362875,333.2115,1.126458,7.739167,342.077417
gorm-user-address,fresh,50,2,21,279.954375,3.08925,283.568042,1.07825,7.77625,292.42275
gorm-user-address,fresh,50,2,22,315.3215,3.048709,318.899334,1.05575,7.846417,327.801667
gorm-user-address,fresh,50,2,23,283.538667,3.374958,287.460458,1.200833,7.741667,296.403125
gorm-user-address,fresh,50,2,24,326.224625,3.228042,330.035583,1.062625,7.740125,338.838625
gorm-user-address,fresh,50,2,25,278.623542,2.992042,282.168584,1.077875,7.892458,291.139125
gorm-user-address,fresh,50,2,26,318.788,3.043166,322.353583,1.084667,7.827,331.2655
gorm-user-address,fresh,50,2,27,280.379041,3.29225,284.206666,0.992042,7.95675,293.155666
gorm-user-address,fresh,50,2,28,321.92,3.142292,325.721791,1.269083,7.738125,334.72925
gorm-user-address,fresh,50,2,29,294.292792,3.222,298.1795,1.227041,7.313167,306.719917
gorm-user-address,fresh,50,2,30,320.091333,3.115833,323.749542,1.0265,7.81475,332.591
gorm-user-address,fresh,50,2,31,286.59475,3.164084,290.25475,1.024083,7.761375,299.040417
gorm-user-address,fresh,50,2,32,314.70125,2.951417,318.234042,1.139708,7.885583,327.259583
gorm-user-address,fresh,50,2,33,283.235792,3.004917,286.823792,1.100041,7.768917,295.692959
gorm-user-address,fresh,50,2,34,332.730667,3.204209,336.454042,1.020917,7.893125,345.368292
gorm-user-address,fresh,50,2,35,288.764167,3.575833,293.024792,1.350167,7.351583,301.72675
gorm-user-address,fresh,50,2,36,322.085792,3.095333,325.750709,1.1005,7.835958,334.687375
gorm-user-address,fresh,50,2,37,294.619166,3.226375,298.374458,1.086667,7.97425,307.435583
gorm-user-address,fresh,50,2,38,342.61625,8.202917,353.730917,2.90925,7.604875,364.245334
gorm-user-address,fresh,50,2,39,295.567083,3.234459,299.410292,1.462708,7.813458,308.686708
gorm-user-address,fresh,50,2,40,325.648208,3.326166,329.5945,1.205584,7.938417,338.73875
gorm-user-address,fresh,50,2,41,292.748792,3.107833,296.362542,1.246875,7.803958,305.413625
gorm-user-address,fresh,50,2,42,318.602041,3.289791,322.439541,1.10025,7.851416,331.391416
gorm-user-address,fresh,50,2,43,284.263,3.244,288.202166,1.058708,7.718167,296.97925
gorm-user-address,fresh,50,2,44,334.384583,3.201,338.349375,1.339041,7.776542,347.465167
gorm-user-address,fresh,50,2,45,289.905458,2.9705,293.427208,1.102542,7.79875,302.328708
gorm-user-address,fresh,50,2,46,317.640458,2.93525,321.163791,1.120333,7.712667,329.997
gorm-user-address,fresh,50,2,47,285.408709,3.325083,289.387584,1.159959,7.853375,298.401125
gorm-user-address,fresh,50,2,48,330.27575,3.154084,334.015333,1.35875,7.775625,343.15
gorm-user-address,fresh,50,2,49,291.11575,3.346291,294.976959,1.099,7.716208,303.792375
gorm-user-address,fresh,100,0,0,38.470125,3.504792,42.579375,1.028458,8.013375,51.751125
gorm-user-address,fresh,100,0,1,50.46125,3.139917,54.135875,1.037959,7.833917,63.007916
gorm-user-address,fresh,100,0,2,53.62325,3.018583,57.219417,1.122875,7.963125,66.305625
gorm-user-address,fresh,100,0,3,188.171083,3.737875,192.526291,1.319875,7.00425,200.850666
gorm-user-address,fresh,100,0,4,374.690209,11.257625,387.291417,2.548667,8.28575,398.126167
gorm-user-address,fresh,100,0,5,277.522167,3.368084,281.600417,1.348709,7.665667,290.615042
gorm-user-address,fresh,100,0,6,336.085959,3.417875,340.075292,1.126375,7.792334,348.994167
gorm-user-address,fresh,100,0,7,279.802625,3.517375,284.018833,1.165458,6.816125,292.000625
gorm-user-address,fresh,100,0,8,315.329333,3.258417,319.18025,1.536416,7.727333,328.444208
gorm-user-address,fresh,100,0,9,273.905167,3.13925,277.675917,1.04425,6.884916,285.605542
gorm-user-address,fresh,100,0,10,333.001917,3.323375,337.001958,1.309583,7.848667,346.160417
gorm-user-address,fresh,100,0,11,275.840334,3.168458,279.592959,1.03575,7.688958,288.317834
gorm-user-address,fresh,100,0,12,329.729917,3.075083,333.312458,1.008375,6.994541,341.315583
gorm-user-address,fresh,100,0,13,288.416792,3.553667,292.497375,1.193167,7.836667,301.527459
gorm-user-address,fresh,100,0,14,322.992875,2.971584,326.530708,1.048125,7.890583,335.469583
gorm-user-address,fresh,100,0,15,271.274625,3.221042,275.050792,1.060375,7.937834,284.049209
gorm-user-address,fresh,100,0,16,323.43975,3.254458,327.320542,1.400584,6.70525,335.426708
gorm-user-address,fresh,100,0,17,275.563584,3.224458,279.333875,1.149,7.345666,287.828709
gorm-user-address,fresh,100,0,18,322.38125,3.478209,326.477792,1.270667,7.779375,335.528
gorm-user-address,fresh,100,0,19,287.955542,3.165375,291.680167,1.100125,7.72925,300.509959
gorm-user-address,fresh,100,0,20,322.29725,2.928625,325.769583,1.145875,7.849958,334.765625
gorm-user-address,fresh,100,0,21,277.891417,3.331834,281.847792,1.338583,7.744375,290.930959
gorm-user-address,fresh,100,0,22,324.781167,3.725583,329.092292,1.409167,7.721916,338.223583
gorm-user-address,fresh,100,0,23,277.313125,3.156083,280.984958,1.066625,7.758834,289.810625
gorm-user-address,fresh,100,0,24,315.425167,3.37725,319.355583,1.292167,7.757,328.405
gorm-user-address,fresh,100,0,25,283.67675,3.142916,287.459125,1.428833,7.833208,296.721375
gorm-user-address,fresh,100,0,26,326.602458,3.106291,330.242625,1.26275,7.760875,339.266417
gorm-user-address,fresh,100,0,27,278.123584,3.274375,282.078125,1.24775,7.892791,291.218875
gorm-user-address,fresh,100,0,28,322.002167,3.355375,325.947584,1.306292,7.099791,334.353834
gorm-user-address,fresh,100,0,29,279.110875,3.340792,282.988083,1.085375,7.87175,291.945375
gorm-user-address,fresh,100,0,30,330.505708,3.156875,334.189375,1.059292,7.804959,343.053833
gorm-user-address,fresh,100,0,31,285.546917,3.217083,289.303125,1.1,7.804209,298.207584
gorm-user-address,fresh,100,0,32,327.330958,3.040708,331.021708,1.110125,7.721459,339.853458
gorm-user-address,fresh,100,0,33,277.184625,3.176042,280.936917,1.037,7.850292,289.824417
gorm-user-address,fresh,100,0,34,316.477459,3.20975,320.311584,1.058709,7.757042,329.127542
gorm-user-address,fresh,100,0,35,273.381041,3.026583,276.962625,1.124292,7.887333,285.974458
gorm-user-address,fresh,100,0,36,314.957,3.029834,318.529042,1.120666,7.703125,327.353
gorm-user-address,fresh,100,0,37,291.5145,3.118917,295.228666,1.209333,7.832167,304.270375
gorm-user-address,fresh,100,0,38,328.314208,3.307334,332.196958,1.399708,7.849708,341.446625
gorm-user-address,fresh,100,0,39,282.328458,3.139917,285.989583,1.1105,7.737916,294.838167
gorm-user-address,fresh,100,0,40,320.213125,3.34025,324.176166,1.174542,7.83875,333.189666
gorm-user-address,fresh,100,0,41,294.278291,3.180625,298.064291,1.175667,7.953125,307.193291
gorm-user-address,fresh,100,0,42,313.972334,3.127,317.63375,1.130167,7.861667,326.625792
gorm-user-address,fresh,100,0,43,283.946666,3.090625,287.663208,1.031583,7.823875,296.518875
gorm-user-address,fresh,100,0,44,323.5875,3.09125,327.188625,1.146291,7.802333,336.137417
gorm-user-address,fresh,100,0,45,288.730125,3.050583,292.361417,1.29925,7.819083,301.479958
gorm-user-address,fresh,100,0,46,318.584375,3.024375,322.228,1.178666,7.801583,331.2085
gorm-user-address,fresh,100,0,47,289.38475,3.752917,293.784084,1.309584,7.916625,303.0105
gorm-user-address,fresh,100,0,48,314.522791,3.201916,318.268125,1.02825,7.815166,327.111791
gorm-user-address,fresh,100,0,49,276.8885,2.966792,280.365291,1.102042,7.751292,289.218833
gorm-user-address,fresh,100,0,50,314.679042,2.943,318.155792,1.028,7.8185,327.0025
gorm-user-address,fresh,100,0,51,276.557291,2.986625,280.1915,1.030125,7.28275,288.504583
gorm-user-address,fresh,100,0,52,317.4255,3.036333,320.968875,0.9935,6.840125,328.802667
gorm-user-address,fresh,100,0,53,277.481959,3.397125,281.537334,1.46525,7.787375,290.790125
gorm-user-address,fresh,100,0,54,361.808916,3.561584,365.979208,1.3755,7.692083,375.047
gorm-user-address,fresh,100,0,55,317.339583,3.129125,321.09425,1.039,7.773834,329.907292
gorm-user-address,fresh,100,0,56,327.738917,3.723459,332.924167,1.382125,7.559458,341.866125
gorm-user-address,fresh,100,0,57,303.40975,3.08525,306.995792,1.017166,7.83225,315.845417
gorm-user-address,fresh,100,0,58,317.753209,3.008875,321.298584,1.116417,7.866,330.281167
gorm-user-address,fresh,100,0,59,283.960833,3.081958,287.723375,1.25425,7.743709,296.721542
gorm-user-address,fresh,100,0,60,323.820709,3.175084,327.53825,1.742292,7.911625,337.192375
gorm-user-address,fresh,100,0,61,293.801625,3.153875,297.606875,1.097334,7.838334,306.54275
gorm-user-address,fresh,100,0,62,319.0995,3.269709,322.963833,1.06525,7.808541,331.837833
gorm-user-address,fresh,100,0,63,290.6305,3.280625,294.534042,1.228916,7.7965,303.559667
gorm-user-address,fresh,100,0,64,323.521042,3.136042,327.20725,1.222208,7.844333,336.274
gorm-user-address,fresh,100,0,65,280.662125,2.923125,284.10325,1.075167,6.793667,291.972292
gorm-user-address,fresh,100,0,66,315.175667,3.248625,319.309667,1.832208,7.890542,329.032834
gorm-user-address,fresh,100,0,67,297.258459,3.156291,300.971917,1.108333,7.737541,309.818
gorm-user-address,fresh,100,0,68,321.15325,3.329208,325.008708,1.023375,7.872125,333.904416
gorm-user-address,fresh,100,0,69,277.97175,3.279875,281.839625,1.268708,7.791083,290.899583
gorm-user-address,fresh,100,0,70,319.068375,3.126042,322.896667,1.151334,7.842917,331.891125
gorm-user-address,fresh,100,0,71,282.1385,3.043167,285.836625,1.055167,7.823375,294.715375
gorm-user-address,fresh,100,0,72,319.430917,3.419666,323.488625,1.520167,7.880958,332.89
gorm-user-address,fresh,100,0,73,289.340083,3.009541,292.854083,1.001458,7.831458,301.687208
gorm-user-address,fresh,100,0,74,317.819041,3.453875,321.835625,1.165917,7.838833,330.840541
gorm-user-address,fresh,100,0,75,281.616167,3.19125,285.337583,1.098708,7.296916,293.733417
gorm-user-address,fresh,100,0,76,319.902417,3.591584,324.000083,1.116125,6.878917,331.995417
gorm-user-address,fresh,100,0,77,283.7005,3.165792,287.494209,1.065875,7.722458,296.282709
gorm-user-address,fresh,100,0,78,318.098708,3.283458,321.951625,1.106625,7.737125,330.795583
gorm-user-address,fresh,100,0,79,276.13875,3.163459,279.812708,1.080958,6.686917,287.580833
gorm-user-address,fresh,100,0,80,327.736875,3.186,331.472792,1.137875,7.822459,340.433334
gorm-user-address,fresh,100,0,81,287.558167,2.942083,291.079792,1.086583,7.738959,299.905584
gorm-user-address,fresh,100,0,82,313.76375,3.116875,317.452958,1.2725,7.664625,326.39025
gorm-user-address,fresh,100,0,83,276.896042,2.970375,280.387,1.053208,7.723667,289.164084
gorm-user-address,fresh,100,0,84,321.646458,3.141208,325.357292,1.22525,6.831917,333.414667
gorm-user-address,fresh,100,0,85,297.986083,5.900792,304.488041,1.305917,8.478125,314.272291
gorm-user-address,fresh,100,0,86,354.239042,3.035667,357.888167,0.995125,7.472042,366.3555
gorm-user-address,fresh,100,0,87,290.092167,3.270292,293.991042,1.108583,6.887416,301.987209
gorm-user-address,fresh,100,0,88,324.609375,3.262708,328.403292,1.267625,6.867542,336.538625
gorm-user-address,fresh,100,0,89,285.48525,3.299541,289.303084,1.071125,7.857292,298.231667
gorm-user-address,fresh,100,0,90,309.757459,3.156625,313.439125,1.028042,7.211625,321.678959
gorm-user-address,fresh,100,0,91,289.278709,3.407709,293.282292,1.187875,7.885667,302.356042
gorm-user-address,fresh,100,0,92,326.6055,3.011542,330.143875,1.3185,7.8255,339.288083
gorm-user-address,fresh,100,0,93,288.504667,3.158041,292.255334,1.251584,7.788792,301.295917
gorm-user-address,fresh,100,0,94,315.263292,2.888459,318.665,1.084083,7.851417,327.600667
gorm-user-address,fresh,100,0,95,290.505709,3.082167,294.130209,1.080959,7.710542,302.921917
gorm-user-address,fresh,100,0,96,306.22775,3.143041,309.927959,1.061917,7.869041,318.859125
gorm-user-address,fresh,100,0,97,287.405292,3.146917,291.156917,1.040958,7.803,300.001084
gorm-user-address,fresh,100,0,98,306.716792,3.332958,310.590417,1.050917,7.722125,319.363667
gorm-user-address,fresh,100,0,99,312.044459,4.247,317.008917,1.447042,8.044583,326.500792
gorm-user-address,fork,100,0,0,110.148792,0,111.01475,1.471792,7.710083,120.196875
gorm-user-address,fork,100,0,1,360.301167,0,361.040375,1.285333,7.70625,370.032167
gorm-user-address,fork,100,0,2,384.429292,0,385.732833,1.255708,7.723917,394.712708
gorm-user-address,fork,100,0,3,129.666583,0,130.473916,1.34225,6.739458,138.555833
gorm-user-address,fork,100,0,4,402.170542,0,403.812292,1.335542,7.692125,412.840167
gorm-user-address,fork,100,0,5,402.578875,0,403.639166,1.360333,6.6145,411.614208
gorm-user-address,fork,100,0,6,388.255667,0,389.821,1.443583,7.787208,399.051959
gorm-user-address,fork,100,0,7,396.730084,0,397.805625,1.426917,7.781584,407.014292
gorm-user-address,fork,100,0,8,382.531208,0,383.690375,1.396334,7.717084,392.804
gorm-user-address,fork,100,0,9,395.584833,0,396.989417,1.292625,7.735125,406.017375
gorm-user-address,fork,100,0,10,381.629291,0,383.165125,1.376209,7.71275,392.254291
gorm-user-address,fork,100,0,11,391.595125,0,393.106291,1.30975,7.71275,402.129041
gorm-user-address,fork,100,0,12,383.660291,0,385.333208,1.566375,7.80825,394.708041
gorm-user-address,fork,100,0,13,388.518167,0,389.775667,1.280625,7.272125,398.328792
gorm-user-address,fork,100,0,14,375.701042,0,377.089458,1.507,7.734625,386.331292
gorm-user-address,fork,100,0,15,386.34275,0,387.406083,1.4555,7.773375,396.635167
gorm-user-address,fork,100,0,16,386.760958,0,388.521458,1.472166,7.02175,397.015625
gorm-user-address,fork,100,0,17,401.867333,0,402.981042,1.411958,7.899667,412.292917
gorm-user-address,fork,100,0,18,384.849875,0,386.612667,1.299167,10.180333,398.092375
gorm-user-address,fork,100,0,19,393.084083,0,394.836916,1.623083,7.756917,404.217208
gorm-user-address,fork,100,0,20,388.7385,0,390.438791,1.294042,7.717709,399.450708
gorm-user-address,fork,100,0,21,394.297291,0,395.530291,1.657875,7.765667,404.954083
gorm-user-address,fork,100,0,22,384.436834,0,385.715834,1.438458,6.735667,393.890167
gorm-user-address,fork,100,0,23,389.562292,0,391.400292,1.335709,6.958917,399.695083
gorm-user-address,fork,100,0,24,374.360333,0,375.899791,1.261125,7.803125,384.964208
gorm-user-address,fork,100,0,25,400.209959,0,401.296042,1.49225,7.812875,410.601417
gorm-user-address,fork,100,0,26,377.774375,0,378.786041,1.472625,7.645375,387.90425
gorm-user-address,fork,100,0,27,385.765625,0,387.258166,1.35475,9.699334,398.312458
gorm-user-address,fork,100,0,28,383.958084,0,385.400625,1.389166,7.513,394.303042
gorm-user-address,fork,100,0,29,413.288167,0,414.512625,1.225708,7.626416,423.364917
gorm-user-address,fork,100,0,30,374.79075,0,376.305292,1.281875,7.617916,385.205333
gorm-user-address,fork,100,0,31,417.47425,0,418.505083,1.609792,7.929333,428.0445
gorm-user-address,fork,100,0,32,388.219208,0,389.866875,1.65,7.716125,399.23325
gorm-user-address,fork,100,0,33,385.688417,0,387.202417,1.328458,6.621542,395.152667
gorm-user-address,fork,100,0,34,386.039,0,387.4735,1.389541,7.555375,396.418625
gorm-user-address,fork,100,0,35,391.189208,0,392.882125,1.259,7.7105,401.851875
gorm-user-address,fork,100,0,36,379.892416,0,381.452125,1.443125,7.645916,390.541416
gorm-user-address,fork,100,0,37,378.847042,0,380.461833,1.422333,7.288583,389.173
gorm-user-address,fork,100,0,38,379.237125,0,380.886667,1.434792,7.672834,389.9945
gorm-user-address,fork,100,0,39,388.706042,0,390.265458,1.459,7.685709,399.410375
gorm-user-address,fork,100,0,40,380.496541,0,382.060958,1.341875,7.660917,391.063916
gorm-user-address,fork,100,0,41,385.68275,0,387.232459,1.337583,7.661833,396.232084
gorm-user-address,fork,100,0,42,385.811708,0,387.138458,1.39275,7.733667,396.265125
gorm-user-address,fork,100,0,43,383.6095,0,385.157833,1.4235,7.764583,394.346166
gorm-user-address,fork,100,0,44,380.601167,0,382.131334,1.438584,7.750542,391.320667
gorm-user-address,fork,100,0,45,386.20325,0,387.527792,1.340084,7.65175,396.519875
gorm-user-address,fork,100,0,46,369.889458,0,371.540042,1.377,7.830708,380.747958
gorm-user-address,fork,100,0,47,375.226375,0,377.037166,1.425791,7.671,386.134208
gorm-user-address,fork,100,0,48,363.849333,0,365.408375,1.466583,7.61225,374.487416
gorm-user-address,fork,100,0,49,404.857,0,406.121375,2.999375,6.914333,416.035542
gorm-user-address,fork,100,0,50,379.356792,0,380.607084,1.31,7.734083,389.651375
gorm-user-address,fork,100,0,51,375.670208,0,377.46225,1.347958,7.718708,386.529125
gorm-user-address,fork,100,0,52,375.589,0,377.31125,1.409375,7.745542,386.466333
gorm-user-address,fork,100,0,53,372.032125,0,373.56525,1.367583,7.792166,382.72525
gorm-user-address,fork,100,0,54,375.941875,0,377.116167,1.307209,7.7875,386.211083
gorm-user-address,fork,100,0,55,385.01525,0,386.063,1.383167,7.827166,395.273583
gorm-user-address,fork,100,0,56,389.445084,0,391.201792,1.468792,7.701875,400.372667
gorm-user-address,fork,100,0,57,385.696084,0,387.195667,1.418958,7.749,396.363792
gorm-user-address,fork,100,0,58,372.90725,0,374.621333,1.31625,7.623334,383.561208
gorm-user-address,fork,100,0,59,373.830458,0,375.4055,1.2985,7.641,384.345208
gorm-user-address,fork,100,0,60,364.212125,0,365.804625,1.342792,8.521875,375.6695
gorm-user-address,fork,100,0,61,374.867375,0,376.279459,1.316167,7.874958,385.470792
gorm-user-address,fork,100,0,62,370.975042,0,372.703084,1.367334,7.702584,381.773209
gorm-user-address,fork,100,0,63,372.556959,0,374.211375,1.352625,7.765666,383.329875
gorm-user-address,fork,100,0,64,373.860458,0,375.450875,1.405167,7.045458,383.901666
gorm-user-address,fork,100,0,65,378.778583,0,380.085041,1.102833,8.191291,389.379541
gorm-user-address,fork,100,0,66,388.425917,0,389.955333,1.455917,7.557709,398.969125
gorm-user-address,fork,100,0,67,384.593,0,386.26375,1.465125,7.799334,395.528459
gorm-user-address,fork,100,0,68,374.803167,0,376.4485,1.399125,7.596834,385.444667
gorm-user-address,fork,100,0,69,380.174542,0,381.750292,1.348583,7.737083,390.836167
gorm-user-address,fork,100,0,70,369.692292,0,371.27325,1.544584,7.810458,380.628583
gorm-user-address,fork,100,0,71,372.65575,0,374.268958,1.414083,7.684666,383.367875
gorm-user-address,fork,100,0,72,372.398917,0,374.014792,1.397458,7.760041,383.172459
gorm-user-address,fork,100,0,73,376.793792,0,378.261458,1.307625,7.67225,387.241542
gorm-user-address,fork,100,0,74,371.9495,0,373.71375,1.444709,7.575917,382.734667
gorm-user-address,fork,100,0,75,375.586709,0,377.280084,1.467958,7.648125,386.396417
gorm-user-address,fork,100,0,76,371.267833,0,372.887041,1.484958,7.639583,382.011791
gorm-user-address,fork,100,0,77,375.218042,0,376.896417,1.342,7.767875,386.0065
gorm-user-address,fork,100,0,78,369.094,0,370.982125,1.31,7.672208,379.9645
gorm-user-address,fork,100,0,79,370.782583,0,372.603208,1.642458,7.643041,381.888916
gorm-user-address,fork,100,0,80,366.609208,0,368.04425,1.44075,7.715959,377.201208
gorm-user-address,fork,100,0,81,374.307084,0,376.146875,1.402333,7.696083,385.245542
gorm-user-address,fork,100,0,82,369.6605,0,371.042042,1.670917,7.753541,380.466709
gorm-user-address,fork,100,0,83,383.986792,0,385.51175,1.26725,7.763584,394.54275
gorm-user-address,fork,100,0,84,363.712917,0,365.3815,1.314916,6.814042,373.510667
gorm-user-address,fork,100,0,85,394.78825,0,396.4665,1.563333,7.810708,405.840875
gorm-user-address,fork,100,0,86,373.823541,0,375.438791,1.327166,7.652542,384.41875
gorm-user-address,fork,100,0,87,371.404791,0,372.922833,1.501167,6.780291,381.2045
gorm-user-address,fork,100,0,88,362.858584,0,364.373459,1.425542,7.626541,373.425709
gorm-user-address,fork,100,0,89,366.719708,0,368.426041,1.394167,7.777209,377.597625
gorm-user-address,fork,100,0,90,369.790834,0,371.315792,1.269667,7.624875,380.210542
gorm-user-address,fork,100,0,91,392.713209,0,394.241959,1.442875,7.71625,403.401292
gorm-user-address,fork,100,0,92,366.845125,0,368.575208,1.429334,7.581709,377.586458
gorm-user-address,fork,100,0,93,367.310625,0,368.774334,1.439875,7.799125,378.013542
gorm-user-address,fork,100,0,94,361.831042,0,363.442584,1.456333,7.740458,372.639625
gorm-user-address,fork,100,0,95,375.32975,0,376.718917,1.26275,7.74625,385.728125
gorm-user-address,fork,100,0,96,368.601625,0,370.255125,1.426875,7.717459,379.399667
gorm-user-address,fork,100,0,97,384.487084,0,386.041875,1.439708,7.765125,395.246917
gorm-user-address,fork,100,0,98,374.707042,0,376.441917,1.283666,7.723625,385.449417
gorm-user-address,fork,100,0,99,366.592625,0,368.091125,1.415,7.630958,377.13725
gorm-user-address,fork,100,1,0,106.5105,0,107.590333,1.518375,7.793125,116.902083
gorm-user-address,fork,100,1,1,283.828583,0,285.268583,1.287584,7.679084,294.2355
gorm-user-address,fork,100,1,2,368.141542,0,369.345209,1.419583,7.632458,378.397459
gorm-user-address,fork,100,1,3,118.206542,0,119.009333,1.266458,7.682584,127.958667
gorm-user-address,fork,100,1,4,338.144709,0,339.610542,1.315375,7.669125,348.595209
gorm-user-address,fork,100,1,5,369.282459,0,370.496834,1.382042,7.850166,379.72925
gorm-user-address,fork,100,1,6,344.961042,0,346.681625,1.617458,7.774125,356.073417
gorm-user-address,fork,100,1,7,374.6355,0,376.03275,1.334166,7.793958,385.161083
gorm-user-address,fork,100,1,8,341.64275,0,343.717375,1.559667,7.579959,352.857167
gorm-user-address,fork,100,1,9,373.043667,0,374.015625,1.401166,7.691,383.108
gorm-user-address,fork,100,1,10,333.64775,0,335.09675,1.37525,7.791625,344.263833
gorm-user-address,fork,100,1,11,382.428583,0,383.413541,1.367,7.694584,392.475333
gorm-user-address,fork,100,1,12,350.548334,0,351.553875,1.389375,7.62725,360.57075
gorm-user-address,fork,100,1,13,376.250375,0,377.569792,1.461,7.762708,386.79375
gorm-user-address,fork,100,1,14,341.988417,0,343.383375,1.392917,7.726875,352.503334
gorm-user-address,fork,100,1,15,372.739958,0,374.105333,1.340042,7.720542,383.166083
gorm-user-address,fork,100,1,16,441.582208,0,442.440208,1.443667,10.27575,454.159917
gorm-user-address,fork,100,1,17,366.137958,0,367.393041,1.372958,7.620375,376.386541
gorm-user-address,fork,100,1,18,377.021125,0,378.2835,1.347541,7.645583,387.276833
gorm-user-address,fork,100,1,19,350.821583,0,352.30225,1.373875,7.80675,361.483041
gorm-user-address,fork,100,1,20,371.46425,0,372.969167,1.219834,7.704792,381.894
gorm-user-address,fork,100,1,21,348.947375,0,350.4875,1.611042,7.348041,359.446875
gorm-user-address,fork,100,1,22,381.367042,0,382.669375,1.363958,7.669541,391.703083
gorm-user-address,fork,100,1,23,348.27825,0,349.992125,1.336458,7.675125,359.003917
gorm-user-address,fork,100,1,24,378.698208,0,380.205042,1.523167,7.706667,389.435083
gorm-user-address,fork,100,1,25,348.8845,0,350.359417,1.326166,7.839458,359.52525
gorm-user-address,fork,100,1,26,375.156375,0,376.523458,1.433792,6.799167,384.756625
gorm-user-address,fork,100,1,27,341.919458,0,343.47775,1.288042,7.728041,352.494041
gorm-user-address,fork,100,1,28,389.649875,0,391.002958,1.422417,7.896334,400.321875
gorm-user-address,fork,100,1,29,362.309916,0,363.922208,1.319084,7.783375,373.024916
gorm-user-address,fork,100,1,30,370.989292,0,372.388042,1.401583,7.650167,381.440042
gorm-user-address,fork,100,1,31,396.440334,0,397.540959,1.32925,7.722625,406.593042
gorm-user-address,fork,100,1,32,357.877334,0,360.11325,1.519375,7.74275,369.375584
gorm-user-address,fork,100,1,33,376.64475,0,378.1515,1.380375,7.627875,387.159959
gorm-user-address,fork,100,1,34,353.811,0,355.254625,1.336292,7.672667,364.263875
gorm-user-address,fork,100,1,35,388.27875,0,389.522,1.349375,6.974959,397.846584
gorm-user-address,fork,100,1,36,351.47375,0,352.960083,1.272542,7.815916,362.04875
gorm-user-address,fork,100,1,37,377.382208,0,379.100291,1.355083,6.724041,387.179625
gorm-user-address,fork,100,1,38,354.147,0,355.772833,1.339208,7.761792,364.874042
gorm-user-address,fork,100,1,39,371.915542,0,373.492084,1.253792,7.670292,382.416375
gorm-user-address,fork,100,1,40,347.208042,0,348.646708,1.369,7.705084,357.721
gorm-user-address,fork,100,1,41,372.532709,0,374.168834,1.308834,7.802084,383.279959
gorm-user-address,fork,100,1,42,345.481834,0,347.176667,1.18475,7.726333,356.088
gorm-user-address,fork,100,1,43,370.7505,0,372.56975,1.542875,7.664833,381.777708
gorm-user-address,fork,100,1,44,348.167583,0,349.727292,1.428042,6.666583,357.822083
gorm-user-address,fork,100,1,45,384.476416,0,385.782041,1.408667,6.716125,393.907041
gorm-user-address,fork,100,1,46,356.258666,0,357.730875,1.238542,7.820041,366.789625
gorm-user-address,fork,100,1,47,368.619,0,370.169125,1.422583,7.656833,379.248709
gorm-user-address,fork,100,1,48,357.739958,0,359.377583,1.336708,7.108416,367.822917
gorm-user-address,fork,100,1,49,369.38075,0,370.958375,1.293958,7.732917,379.9855
gorm-user-address,fork,100,1,50,348.128666,0,349.652083,1.356167,7.662666,358.671125
gorm-user-address,fork,100,1,51,372.827583,0,373.960208,1.301333,7.719208,382.980917
gorm-user-address,fork,100,1,52,362.44975,0,363.801833,1.79425,8.001209,373.597458
gorm-user-address,fork,100,1,53,374.214625,0,375.965792,1.526167,7.698542,385.190792
gorm-user-address,fork,100,1,54,354.947959,0,356.754209,1.209875,7.663,365.627334
gorm-user-address,fork,100,1,55,373.190792,0,374.72025,1.361375,7.692583,383.774458
gorm-user-address,fork,100,1,56,352.149125,0,353.584291,1.288083,7.744458,362.617041
gorm-user-address,fork,100,1,57,368.383958,0,369.777375,1.357875,7.704375,378.839875
gorm-user-address,fork,100,1,58,351.248791,0,352.940708,1.356042,7.675208,361.972166
gorm-user-address,fork,100,1,59,375.70275,0,377.278666,1.314458,7.643208,386.236541
gorm-user-address,fork,100,1,60,358.541125,0,360.13225,1.283625,7.775708,369.191791
gorm-user-address,fork,100,1,61,383.573542,0,385.417334,1.800833,7.218333,394.436792
gorm-user-address,fork,100,1,62,363.226334,0,364.991834,1.305917,7.927292,374.225292
gorm-user-address,fork,100,1,63,602.33725,0,604.227,1.583375,6.952167,612.762917
gorm-user-address,fork,100,1,64,386.26525,0,388.146917,1.278417,7.878833,397.304542
gorm-user-address,fork,100,1,65,431.98075,0,433.557334,1.517792,7.792791,442.868084
gorm-user-address,fork,100,1,66,407.822459,0,409.074542,1.38825,7.696334,418.159417
gorm-user-address,fork,100,1,67,376.333417,0,377.92125,1.254625,7.640209,386.816292
gorm-user-address,fork,100,1,68,397.970292,0,399.460458,1.449333,7.07425,407.984208
gorm-user-address,fork,100,1,69,379.250583,0,381.056833,1.413958,7.008792,389.47975
gorm-user-address,fork,100,1,70,399.816792,0,401.439542,1.416417,7.717125,410.573292
gorm-user-address,fork,100,1,71,356.916125,0,358.673375,1.336792,7.734584,367.744959
gorm-user-address,fork,100,1,72,386.423542,0,388.039167,1.360625,7.615667,397.015709
gorm-user-address,fork,100,1,73,402.186333,0,403.850667,1.456916,7.835542,413.143417
gorm-user-address,fork,100,1,74,356.470875,0,358.071542,1.400584,7.677959,367.150292
gorm-user-address,fork,100,1,75,379.766459,0,381.298209,1.38525,7.760542,390.444292
gorm-user-address,fork,100,1,76,435.226208,0,436.299042,1.313417,7.775334,445.388
gorm-user-address,fork,100,1,77,384.941667,0,386.424292,1.420833,7.704875,395.550167
gorm-user-address,fork,100,1,78,398.1755,0,399.747583,1.389167,7.7405,408.877417
gorm-user-address,fork,100,1,79,368.405458,0,369.917333,1.226542,7.71075,378.854833
gorm-user-address,fork,100,1,80,343.489,0,345.154958,1.452041,7.427375,354.034583
gorm-user-address,fork,100,1,81,374.896625,0,376.37675,1.555833,7.750416,385.683167
gorm-user-address,fork,100,1,82,345.261333,0,346.995125,1.420625,7.789583,356.2055
gorm-user-address,fork,100,1,83,377.392625,0,378.899916,1.249958,7.653333,387.803416
gorm-user-address,fork,100,1,84,385.412708,0,386.676666,1.318708,6.868042,394.863625
gorm-user-address,fork,100,1,85,356.169459,0,357.920417,1.522041,6.969208,366.411834
gorm-user-address,fork,100,1,86,371.481583,0,373.029917,1.311416,7.676208,382.017833
gorm-user-address,fork,100,1,87,389.01975,0,390.707458,1.357541,6.6895,398.754708
gorm-user-address,fork,100,1,88,350.692917,0,352.209084,1.410708,7.801333,361.421375
gorm-user-address,fork,100,1,89,371.329375,0,372.948917,1.427584,7.515,381.891667
gorm-user-address,fork,100,1,90,349.725875,0,351.284167,1.27325,7.815583,360.373208
gorm-user-address,fork,100,1,91,373.639875,0,375.237875,1.322542,7.842583,384.403166
gorm-user-address,fork,100,1,92,355.227875,0,356.756417,1.244,7.725916,365.726542
gorm-user-address,fork,100,1,93,365.281209,0,366.881459,1.323958,7.768875,375.9745
gorm-user-address,fork,100,1,94,374.235666,0,375.79225,1.345584,7.656667,384.794666
gorm-user-address,fork,100,1,95,373.89975,0,375.686042,1.437292,7.605291,384.728834
gorm-user-address,fork,100,1,96,348.117667,0,349.759834,1.291625,6.695209,357.746917
gorm-user-address,fork,100,1,97,395.757208,0,397.173875,1.280875,7.70825,406.16325
gorm-user-address,fork,100,1,98,385.994334,0,387.587125,1.325917,6.86925,395.782417
gorm-user-address,fork,100,1,99,392.304708,0,394.058333,1.658875,7.261917,402.979291
gorm-user-address,fresh,100,1,0,37.455,3.642375,41.659583,1.186458,8.004708,51.006292
gorm-user-address,fresh,100,1,1,57.220709,3.189667,60.986834,1.039084,7.912917,69.939042
gorm-user-address,fresh,100,1,2,55.150709,3.279334,58.975667,1.014875,7.901959,67.892709
gorm-user-address,fresh,100,1,3,186.676042,3.075584,190.277875,1.053917,7.7925,199.1245
gorm-user-address,fresh,100,1,4,372.946459,3.362209,376.909459,1.308667,7.93425,386.152584
gorm-user-address,fresh,100,1,5,269.22775,3.3385,273.113916,1.019042,7.883167,282.016333
gorm-user-address,fresh,100,1,6,313.413916,3.066333,317.036666,1.062833,7.974125,326.073833
gorm-user-address,fresh,100,1,7,271.676125,3.192875,275.420792,1.110041,7.744167,284.275167
gorm-user-address,fresh,100,1,8,317.463291,3.047958,321.074833,0.9655,7.840708,329.88125
gorm-user-address,fresh,100,1,9,299.818083,3.652375,304.025125,1.133833,7.108041,312.267167
gorm-user-address,fresh,100,1,10,337.810917,3.080375,341.413375,1.035208,7.878458,350.327208
gorm-user-address,fresh,100,1,11,285.326458,6.179208,292.391708,1.416125,8.061875,301.870083
gorm-user-address,fresh,100,1,12,315.2085,3.1335,318.95475,1.139625,7.917958,328.012542
gorm-user-address,fresh,100,1,13,285.074042,3.117625,288.750917,1.3065,7.745,297.802625
gorm-user-address,fresh,100,1,14,319.523,3.242958,323.397458,1.307916,6.861875,331.567458
gorm-user-address,fresh,100,1,15,274.785875,3.203125,278.53275,1.155167,7.689666,287.377791
gorm-user-address,fresh,100,1,16,323.000208,3.5055,327.051916,1.120625,7.826208,335.998916
gorm-user-address,fresh,100,1,17,279.908167,3.10925,283.552292,1.018916,7.866375,292.437792
gorm-user-address,fresh,100,1,18,312.551375,3.400833,316.483709,1.093333,8.197458,325.774792
gorm-user-address,fresh,100,1,19,279.351708,3.117958,282.98475,1.060875,7.696792,291.742583
gorm-user-address,fresh,100,1,20,325.621375,3.156166,329.3585,1.1105,7.715291,338.184584
gorm-user-address,fresh,100,1,21,284.125375,2.962958,287.57725,1.11875,7.776292,296.4725
gorm-user-address,fresh,100,1,22,316.849625,3.2295,320.67125,1.0235,7.182542,328.8775
gorm-user-address,fresh,100,1,23,288.660875,3.052792,292.241,1.140167,8.051458,301.432875
gorm-user-address,fresh,100,1,24,312.096375,3.359708,315.999541,1.111792,7.853375,324.964916
gorm-user-address,fresh,100,1,25,278.34625,2.945166,281.861875,1.058292,7.197166,290.117542
gorm-user-address,fresh,100,1,26,317.218208,3.024166,320.755666,1.113666,7.75875,329.628333
gorm-user-address,fresh,100,1,27,282.811042,2.997,286.336834,1.058417,7.752875,295.148375
gorm-user-address,fresh,100,1,28,324.675041,3.167875,328.363291,1.06,7.794792,337.218333
gorm-user-address,fresh,100,1,29,281.474125,3.127292,285.186542,1.126334,7.724167,294.037208
gorm-user-address,fresh,100,1,30,320.602667,3.133833,324.27925,1.06775,12.640167,337.987417
gorm-user-address,fresh,100,1,31,297.629958,3.066125,301.278083,1.032625,7.785209,310.096125
gorm-user-address,fresh,100,1,32,336.597375,3.604083,340.805125,1.293459,7.945459,350.044208
gorm-user-address,fresh,100,1,33,312.341791,3.291625,316.259708,1.213208,8.013875,325.487
gorm-user-address,fresh,100,1,34,320.121042,3.428417,324.098667,1.214375,7.851375,333.164625
gorm-user-address,fresh,100,1,35,282.834375,3.092917,286.4525,0.997125,7.554083,295.003875
gorm-user-address,fresh,100,1,36,321.229583,3.447958,325.241292,1.317,7.891792,334.45025
gorm-user-address,fresh,100,1,37,288.164083,3.108166,291.792041,1.022541,7.741958,300.556791
gorm-user-address,fresh,100,1,38,315.556708,3.185333,319.299958,1.012333,7.844875,328.157375
gorm-user-address,fresh,100,1,39,280.653666,3.49725,284.757,1.2255,7.01425,292.996958
gorm-user-address,fresh,100,1,40,316.279,2.925167,319.730833,1.229458,7.669458,328.629958
gorm-user-address,fresh,100,1,41,288.270875,3.028333,291.855084,1.0985,7.87725,300.831042
gorm-user-address,fresh,100,1,42,320.3135,3.07825,324.05025,1.228875,9.497583,334.776916
gorm-user-address,fresh,100,1,43,289.783084,4.187958,294.635417,1.309416,7.811208,303.756334
gorm-user-address,fresh,100,1,44,331.319458,3.073125,334.912083,1.010542,7.830584,343.753417
gorm-user-address,fresh,100,1,45,282.134458,3.039791,285.715208,1.053917,7.798666,294.568041
gorm-user-address,fresh,100,1,46,318.356709,3.24075,322.130375,1.044,7.788625,330.963209
gorm-user-address,fresh,100,1,47,279.032,3.035542,282.637125,1.046333,7.786083,291.46975
gorm-user-address,fresh,100,1,48,320.10025,3.329916,323.9755,1.01675,7.838958,332.831416
gorm-user-address,fresh,100,1,49,293.524709,3.018958,297.0655,1.015417,7.758709,305.839792
gorm-user-address,fresh,100,1,50,314.797625,3.089625,318.420292,1.164833,7.783958,327.369292
gorm-user-address,fresh,100,1,51,282.818875,3.075125,286.462,1.067375,7.879375,295.408958
gorm-user-address,fresh,100,1,52,320.226167,3.364417,324.238792,1.300458,7.323583,332.863083
gorm-user-address,fresh,100,1,53,287.878333,3.109708,291.522042,1.040584,7.977667,300.5405
gorm-user-address,fresh,100,1,54,314.521667,3.224958,318.304625,1.23775,7.653166,327.195709
gorm-user-address,fresh,100,1,55,275.988333,3.10725,279.674292,1.035667,7.771208,288.481333
gorm-user-address,fresh,100,1,56,314.459583,3.242166,318.293,1.137667,7.841791,327.272666
gorm-user-address,fresh,100,1,57,286.891583,3.321375,290.745291,1.1165,7.751833,299.613833
gorm-user-address,fresh,100,1,58,313.191833,3.056708,316.800625,1.045416,7.731125,325.577333
gorm-user-address,fresh,100,1,59,282.961292,3.277167,286.819958,1.119958,7.77025,295.710333
gorm-user-address,fresh,100,1,60,308.974,2.955625,312.478708,1.125541,7.788625,321.393041
gorm-user-address,fresh,100,1,61,277.516333,3.145041,281.142291,1.009625,7.751875,289.903958
gorm-user-address,fresh,100,1,62,306.72075,3.341375,310.653334,1.097584,7.044584,318.795709
gorm-user-address,fresh,100,1,63,277.799292,3.008375,281.359542,1.196334,7.708917,290.265125
gorm-user-address,fresh,100,1,64,310.364709,3.04375,313.992917,1.058209,7.776917,322.828334
gorm-user-address,fresh,100,1,65,284.450084,3.131333,288.177084,1.11775,6.971125,296.266167
gorm-user-address,fresh,100,1,66,304.974958,2.812333,308.334791,1.067458,7.691041,317.093541
gorm-user-address,fresh,100,1,67,287.967208,2.907,291.435542,1.109334,7.068125,299.613167
gorm-user-address,fresh,100,1,68,306.283333,2.985042,309.841125,1.054167,6.959666,317.855166
gorm-user-address,fresh,100,1,69,277.218792,3.08425,280.846917,1.13075,7.749917,289.727792
gorm-user-address,fresh,100,1,70,308.884917,3.103167,312.599042,1.229333,7.718125,321.546667
gorm-user-address,fresh,100,1,71,275.265959,3.221959,279.072209,1.102417,7.790916,287.96575
gorm-user-address,fresh,100,1,72,310.482625,3.300416,314.327,1.012833,6.777375,322.117417
gorm-user-address,fresh,100,1,73,280.703625,3.0405,284.313459,1.141917,7.705791,293.161375
gorm-user-address,fresh,100,1,74,307.943,2.977959,311.449333,0.986667,7.710709,320.146875
gorm-user-address,fresh,100,1,75,277.458167,3.046083,281.036042,1.025916,7.812417,289.874584
gorm-user-address,fresh,100,1,76,304.94175,3.154375,308.664334,1.095042,7.757541,317.517125
gorm-user-address,fresh,100,1,77,296.303917,3.1005,299.975834,1.019042,7.769833,308.764875
gorm-user-address,fresh,100,1,78,307.761792,3.022458,311.3545,1.072333,7.733042,320.160042
gorm-user-address,fresh,100,1,79,277.116916,2.821875,280.465416,0.956458,7.780208,289.20225
gorm-user-address,fresh,100,1,80,317.578875,3.212291,321.401958,1.142666,7.840583,330.385458
gorm-user-address,fresh,100,1,81,281.753958,2.965416,285.297833,1.146,7.822042,294.266041
gorm-user-address,fresh,100,1,82,305.415708,3.124125,309.071667,1.015458,7.815917,317.903292
gorm-user-address,fresh,100,1,83,275.80275,3.074834,279.4295,1.117667,6.630833,287.178291
gorm-user-address,fresh,100,1,84,303.139916,3.062667,306.764,1.059209,6.572667,314.396041
gorm-user-address,fresh,100,1,85,288.042291,3.186,291.75175,1.075084,7.830083,300.657083
gorm-user-address,fresh,100,1,86,310.331542,2.993,313.888833,1.092875,7.692916,322.674833
gorm-user-address,fresh,100,1,87,278.93675,2.965917,282.4655,1.106917,7.686166,291.258792
gorm-user-address,fresh,100,1,88,307.622667,3.087875,311.3635,1.333958,7.908042,320.605667
gorm-user-address,fresh,100,1,89,279.929916,3.178833,283.706,1.114209,7.885084,292.7055
gorm-user-address,fresh,100,1,90,307.238542,3.090125,310.889084,1.125917,7.859458,319.874667
gorm-user-address,fresh,100,1,91,281.682541,3.427833,285.686833,1.29475,8.682292,295.664083
gorm-user-address,fresh,100,1,92,404.704,3.061125,408.295292,1.133,7.878542,417.307083
gorm-user-address,fresh,100,1,93,284.597125,3.067375,288.248708,1.141,7.818,297.207916
gorm-user-address,fresh,100,1,94,313.017417,3.236958,316.809959,1.118959,7.8765,325.805625
gorm-user-address,fresh,100,1,95,286.697125,3.1945,290.396125,1.243667,7.831875,299.471833
gorm-user-address,fresh,100,1,96,314.396708,3.30375,318.235208,1.171,7.888625,327.295041
gorm-user-address,fresh,100,1,97,289.5215,3.419375,293.463875,1.143167,7.780666,302.388042
gorm-user-address,fresh,100,1,98,308.484167,3.269959,312.27725,1.152666,7.697083,321.127208
gorm-user-address,fresh,100,1,99,278.770625,2.991416,282.309042,1.18775,7.745375,291.242375
gorm-user-address,fresh,100,2,0,43.033625,3.354875,46.921166,1.220125,8.080125,56.368083
gorm-user-address,fresh,100,2,1,50.313458,3.318875,54.169042,1.012584,7.897834,63.079667
gorm-user-address,fresh,100,2,2,50.756458,3.033625,54.324375,1.063959,7.561542,62.950083
gorm-user-address,fresh,100,2,3,190.643334,3.351375,194.601875,1.150333,7.755833,203.50825
gorm-user-address,fresh,100,2,4,339.793292,3.191875,343.534042,1.157625,7.915208,352.607125
gorm-user-address,fresh,100,2,5,250.68325,3.079,254.280125,1.068958,7.806708,263.156
gorm-user-address,fresh,100,2,6,309.124875,3.438083,313.1515,1.121125,6.869875,321.142666
gorm-user-address,fresh,100,2,7,255.193917,3.45625,259.361042,1.206916,7.757292,268.325417
gorm-user-address,fresh,100,2,8,332.976333,3.283167,336.785167,1.246167,7.028583,345.060125
gorm-user-address,fresh,100,2,9,255.577291,3.069375,259.199416,1.064792,7.847542,268.111958
gorm-user-address,fresh,100,2,10,315.895833,3.163084,319.682083,1.195458,7.89225,328.769958
gorm-user-address,fresh,100,2,11,251.33525,3.201709,255.080875,1.117958,7.74625,263.94525
gorm-user-address,fresh,100,2,12,312.820542,3.129875,316.504417,1.088375,7.680167,325.273167
gorm-user-address,fresh,100,2,13,258.330209,3.441125,262.3135,1.074417,7.978459,271.366625
gorm-user-address,fresh,100,2,14,310.519792,3.107584,314.163875,1.074583,7.8895,323.128209
gorm-user-address,fresh,100,2,15,260.644458,3.271958,264.458625,1.088916,7.743958,273.291667
gorm-user-address,fresh,100,2,16,312.461792,3.020625,316.146583,1.379583,7.929834,325.456292
gorm-user-address,fresh,100,2,17,254.961208,3.162041,258.6205,1.064958,7.855292,267.541
gorm-user-address,fresh,100,2,18,317.001167,2.935417,320.516042,1.050625,7.770583,329.3375
gorm-user-address,fresh,100,2,19,255.567625,3.31225,259.453334,1.15825,7.737333,268.349125
gorm-user-address,fresh,100,2,20,326.965541,3.284125,330.924833,1.168375,7.330667,339.424083
gorm-user-address,fresh,100,2,21,259.034208,3.178375,262.743041,1.009458,7.793875,271.546541
gorm-user-address,fresh,100,2,22,316.119292,3.122583,319.806208,1.001292,7.865709,328.673458
gorm-user-address,fresh,100,2,23,258.350833,2.984208,261.925708,1.067625,7.850167,270.843708
gorm-user-address,fresh,100,2,24,315.814833,3.266375,319.642333,1.246666,7.943167,328.832416
gorm-user-address,fresh,100,2,25,264.374333,3.214083,268.11825,1.163209,7.848958,277.130666
gorm-user-address,fresh,100,2,26,313.042,3.187083,316.8425,1.381292,7.875792,326.099875
gorm-user-address,fresh,100,2,27,255.911292,3.098542,259.530292,1.232,7.669333,268.431875
gorm-user-address,fresh,100,2,28,306.462834,2.958625,310.022709,1.060375,7.701333,318.784584
gorm-user-address,fresh,100,2,29,253.76275,3.107709,257.445958,1.102208,7.714708,266.263083
gorm-user-address,fresh,100,2,30,314.272167,3.0185,317.7955,1.076667,7.714791,326.587208
gorm-user-address,fresh,100,2,31,280.164875,2.978792,283.686459,0.993542,7.831833,292.512125
gorm-user-address,fresh,100,2,32,330.945667,3.394042,334.893292,1.176333,7.823333,343.893167
gorm-user-address,fresh,100,2,33,265.402084,3.109083,269.135417,1.191416,7.80475,278.131792
gorm-user-address,fresh,100,2,34,320.755459,3.185792,324.481084,1.097333,7.899667,333.478292
gorm-user-address,fresh,100,2,35,264.015541,3.076208,267.629208,1.074458,7.87975,276.583625
gorm-user-address,fresh,100,2,36,311.820708,3.174166,315.496375,1.013125,7.844458,324.354125
gorm-user-address,fresh,100,2,37,267.285666,3.126375,270.959708,1.153459,7.70975,279.823166
gorm-user-address,fresh,100,2,38,307.285917,3.142209,310.987084,1.05675,7.716208,319.76025
gorm-user-address,fresh,100,2,39,266.206541,3.097667,269.852041,1.041,7.698209,278.5915
gorm-user-address,fresh,100,2,40,310.222875,3.115959,313.894791,1.11025,7.759041,322.764291
gorm-user-address,fresh,100,2,41,266.127875,3.314375,270.025833,1.043125,7.803209,278.872375
gorm-user-address,fresh,100,2,42,308.085666,2.988709,311.668166,1.296125,7.059708,320.024208
gorm-user-address,fresh,100,2,43,265.815042,3.124083,269.507125,1.149458,6.642083,277.298875
gorm-user-address,fresh,100,2,44,306.589,2.992833,310.108375,1.161292,7.79625,319.066208
gorm-user-address,fresh,100,2,45,266.10275,3.127583,269.758708,1.078333,7.718041,278.555292
gorm-user-address,fresh,100,2,46,307.603333,3.22275,311.433542,1.084917,7.82425,320.343
gorm-user-address,fresh,100,2,47,264.329875,3.06125,268.004667,1.082709,7.761667,276.849292
gorm-user-address,fresh,100,2,48,315.520083,3.225583,319.3765,1.1915,7.120583,327.688833
gorm-user-address,fresh,100,2,49,271.921875,3.021583,275.486334,1.171667,7.794916,284.453125
gorm-user-address,fresh,100,2,50,311.916917,2.948917,315.4765,1.064208,7.792291,324.33325
gorm-user-address,fresh,100,2,51,267.319834,3.121375,271.007709,1.017125,7.730125,279.755209
gorm-user-address,fresh,100,2,52,308.09475,3.123417,311.797792,1.07125,7.90275,320.772
gorm-user-address,fresh,100,2,53,265.34825,3.242292,269.142541,1.130166,7.754083,278.027
gorm-user-address,fresh,100,2,54,313.88375,3.052625,317.455292,1.095166,7.741167,326.291792
gorm-user-address,fresh,100,2,55,268.472542,3.128042,272.217208,1.139875,7.667625,281.024917
gorm-user-address,fresh,100,2,56,307.648125,3.094125,311.31475,1.166416,7.8545,320.335875
gorm-user-address,fresh,100,2,57,268.370334,3.250083,272.176,1.143375,7.826334,281.146
gorm-user-address,fresh,100,2,58,304.188,3.08225,307.858708,1.083458,7.847375,316.78975
gorm-user-address,fresh,100,2,59,270.145625,3.118666,273.8225,1.142125,7.467166,282.431959
gorm-user-address,fresh,100,2,60,305.289167,3.196958,309.025333,1.214667,7.867834,318.108042
gorm-user-address,fresh,100,2,61,264.174792,2.9815,267.70475,1.080791,7.809167,276.594917
gorm-user-address,fresh,100,2,62,306.005083,3.328375,309.890875,1.168041,7.749208,318.808333
gorm-user-address,fresh,100,2,63,266.785875,3.152709,270.505125,1.140291,7.817333,279.462917
gorm-user-address,fresh,100,2,64,311.082166,2.956208,314.577083,1.124875,7.726667,323.428916
gorm-user-address,fresh,100,2,65,277.873542,3.334042,281.769209,1.2125,7.856625,290.838584
gorm-user-address,fresh,100,2,66,314.438542,4.77925,319.958625,1.177875,7.339875,328.476583
gorm-user-address,fresh,100,2,67,264.360833,2.995208,267.924958,1.153417,7.833959,276.912542
gorm-user-address,fresh,100,2,68,304.087792,3.111208,307.79625,1.127708,7.705708,316.629875
gorm-user-address,fresh,100,2,69,268.581,3.061542,272.17,1.109959,7.721042,281.001208
gorm-user-address,fresh,100,2,70,309.451833,3.073042,313.160667,1.139583,6.778458,321.078917
gorm-user-address,fresh,100,2,71,266.643541,3.114833,270.342833,1.061584,7.817167,279.221791
gorm-user-address,fresh,100,2,72,303.971,3.2945,307.850667,1.043791,7.811292,316.705959
gorm-user-address,fresh,100,2,73,265.802125,3.132875,269.481625,1.048709,7.865875,278.396375
gorm-user-address,fresh,100,2,74,305.835167,3.138084,309.673167,1.318667,7.883041,318.875167
gorm-user-address,fresh,100,2,75,270.379,3.107708,274.0335,1.057208,7.827875,282.918791
gorm-user-address,fresh,100,2,76,312.526584,3.034958,316.072334,1.049667,7.797875,324.920084
gorm-user-address,fresh,100,2,77,264.693583,3.141792,268.336875,1.162333,7.608375,277.107833
gorm-user-address,fresh,100,2,78,303.296459,2.99975,306.842709,1.223792,7.692541,315.759209
gorm-user-address,fresh,100,2,79,264.015334,3.031083,267.599584,1.042167,7.6935,276.335459
gorm-user-address,fresh,100,2,80,307.106708,3.158666,310.813625,1.072125,7.79,319.676
gorm-user-address,fresh,100,2,81,269.734916,2.938333,273.344791,1.226166,7.853583,282.424791
gorm-user-address,fresh,100,2,82,306.664084,3.121709,310.399584,1.143875,7.864292,319.407959
gorm-user-address,fresh,100,2,83,268.96575,3.048083,272.59075,1.270375,7.79225,281.653584
gorm-user-address,fresh,100,2,84,303.9605,3.701208,308.214417,0.98675,7.887959,317.089459
gorm-user-address,fresh,100,2,85,263.664584,3.025542,267.22675,1.105708,7.751666,276.084375
gorm-user-address,fresh,100,2,86,311.437542,3.206167,315.256084,1.457875,7.865708,324.579917
gorm-user-address,fresh,100,2,87,273.69225,3.414,277.690709,1.15575,7.725166,286.571875
gorm-user-address,fresh,100,2,88,303.392125,3.390875,307.351916,1.104917,7.81675,316.273791
gorm-user-address,fresh,100,2,89,267.124333,3.1665,270.835917,1.14875,7.772333,279.75725
gorm-user-address,fresh,100,2,90,303.084625,3.1895,306.842875,1.101625,7.720291,315.665
gorm-user-address,fresh,100,2,91,262.364708,3.315416,266.216667,1.052709,7.712209,274.98175
gorm-user-address,fresh,100,2,92,308.125292,3.074583,311.728375,1.221375,7.721083,320.671042
gorm-user-address,fresh,100,2,93,262.98,3.083584,266.624167,1.100667,7.792166,275.51725
gorm-user-address,fresh,100,2,94,305.7055,3.173791,309.432542,1.11425,7.710583,318.257625
gorm-user-address,fresh,100,2,95,265.849542,2.999292,269.389792,1.147458,7.704042,278.241542
gorm-user-address,fresh,100,2,96,301.832333,3.189666,305.598625,1.072791,7.784333,314.455917
gorm-user-address,fresh,100,2,97,262.796625,3.211875,266.522459,1.169708,7.812417,275.504875
gorm-user-address,fresh,100,2,98,302.511875,3.365458,306.426333,1.16175,7.841,315.429291
gorm-user-address,fresh,100,2,99,268.79975,3.063209,272.409292,1.059875,7.702209,281.171542
gorm-user-address,fork,100,2,0,104.242292,0,105.118417,1.413459,7.752709,114.284917
gorm-user-address,fork,100,2,1,243.301625,0,244.900584,1.440167,7.781084,254.122042
gorm-user-address,fork,100,2,2,394.559417,0,395.794084,1.311125,7.822458,404.927917
gorm-user-address,fork,100,2,3,327.006125,0,328.57975,1.317167,7.693625,337.590791
gorm-user-address,fork,100,2,4,373.578291,0,374.700541,1.41825,7.624125,383.743125
gorm-user-address,fork,100,2,5,327.734208,0,329.1975,1.292125,7.655625,338.145458
gorm-user-address,fork,100,2,6,384.905542,0,386.238458,1.347083,7.759416,395.34525
gorm-user-address,fork,100,2,7,318.9575,0,320.556125,1.337791,7.785417,329.679542
gorm-user-address,fork,100,2,8,370.17,0,371.469375,1.291209,7.897834,380.658667
gorm-user-address,fork,100,2,9,321.933042,0,323.340959,1.246,7.631791,332.219
gorm-user-address,fork,100,2,10,373.937167,0,375.232,1.226209,7.770375,384.228833
gorm-user-address,fork,100,2,11,323.514917,0,325.203375,1.429125,7.7645,334.397208
gorm-user-address,fork,100,2,12,373.93775,0,375.348625,1.462292,7.268916,384.080166
gorm-user-address,fork,100,2,13,400.765333,0,401.592083,1.194666,7.175,409.961958
gorm-user-address,fork,100,2,14,375.646375,0,376.941792,1.374916,6.482125,384.799
gorm-user-address,fork,100,2,15,387.22075,0,388.468333,1.259791,7.159458,396.887791
gorm-user-address,fork,100,2,16,324.09825,0,325.656208,1.291916,7.723917,334.67225
gorm-user-address,fork,100,2,17,374.868333,0,376.146333,1.390583,7.695834,385.233
gorm-user-address,fork,100,2,18,325.660708,0,327.337833,1.400833,7.711042,336.450042
gorm-user-address,fork,100,2,19,367.185541,0,368.659541,1.309167,6.567834,376.53675
gorm-user-address,fork,100,2,20,329.011083,0,330.450375,1.326,7.758667,339.53525
gorm-user-address,fork,100,2,21,370.300541,0,371.417083,1.398792,7.719333,380.535458
gorm-user-address,fork,100,2,22,323.998625,0,325.643625,1.346208,7.672125,334.662167
gorm-user-address,fork,100,2,23,365.462,0,366.94575,1.307833,7.791583,376.045375
gorm-user-address,fork,100,2,24,321.74,0,323.353625,1.293875,7.348042,331.995875
gorm-user-address,fork,100,2,25,381.904667,0,383.619334,2.002583,7.743541,393.365792
gorm-user-address,fork,100,2,26,346.672792,0,348.150667,1.377459,7.186459,356.714834
gorm-user-address,fork,100,2,27,365.444875,0,366.999084,1.31625,7.622,375.937542
gorm-user-address,fork,100,2,28,322.87375,0,324.3395,1.383958,7.568792,333.292459
gorm-user-address,fork,100,2,29,372.49,0,373.570291,1.333833,7.746667,382.651041
gorm-user-address,fork,100,2,30,326.573584,0,328.220209,1.406209,7.669209,337.295792
gorm-user-address,fork,100,2,31,365.739708,0,367.299667,1.391292,7.581875,376.273042
gorm-user-address,fork,100,2,32,326.042791,0,327.680666,1.442708,7.677958,336.801583
gorm-user-address,fork,100,2,33,361.436,0,363.0345,1.467667,7.713667,372.216
gorm-user-address,fork,100,2,34,330.883625,0,332.385667,1.360959,7.815459,341.562334
gorm-user-address,fork,100,2,35,361.895333,0,363.451583,1.394458,7.716708,372.562958
gorm-user-address,fork,100,2,36,329.87375,0,331.197041,1.482875,7.62975,340.309916
gorm-user-address,fork,100,2,37,364.69075,0,366.445,1.261792,7.717583,375.424583
gorm-user-address,fork,100,2,38,324.384792,0,326.480875,1.82725,7.085417,335.39375
gorm-user-address,fork,100,2,39,366.596667,0,368.270334,1.372042,7.595167,377.237917
gorm-user-address,fork,100,2,40,335.355708,0,336.895,1.336417,6.578875,344.8105
gorm-user-address,fork,100,2,41,368.250083,0,369.9585,1.369708,7.693791,379.022208
gorm-user-address,fork,100,2,42,330.27175,0,332.093542,1.440417,7.708166,341.242417
gorm-user-address,fork,100,2,43,364.607833,0,366.216,1.388,7.694833,375.299083
gorm-user-address,fork,100,2,44,328.8555,0,330.457209,1.400917,6.439666,338.298
gorm-user-address,fork,100,2,45,363.007,0,364.250083,1.331,7.69225,373.273583
gorm-user-address,fork,100,2,46,327.792,0,329.45425,1.412334,7.775042,338.641833
gorm-user-address,fork,100,2,47,365.535125,0,367.172708,1.349042,7.398792,375.920833
gorm-user-address,fork,100,2,48,330.037125,0,331.763333,1.321958,7.243125,340.328583
gorm-user-address,fork,100,2,49,363.612583,0,365.200125,1.257417,7.614709,374.072542
gorm-user-address,fork,100,2,50,327.507875,0,329.178834,1.366459,7.632334,338.177792
gorm-user-address,fork,100,2,51,357.631959,0,359.19475,1.425791,7.627958,368.24875
gorm-user-address,fork,100,2,52,328.439041,0,330.157708,1.591875,7.788041,339.538041
gorm-user-address,fork,100,2,53,362.202541,0,363.859,1.349791,7.647667,372.856708
gorm-user-address,fork,100,2,54,333.517625,0,335.042083,1.537666,7.99275,344.572833
gorm-user-address,fork,100,2,55,360.184834,0,361.76425,1.324208,7.604958,370.693625
gorm-user-address,fork,100,2,56,335.786875,0,337.263709,1.377792,7.79325,346.434959
gorm-user-address,fork,100,2,57,365.353167,0,366.785917,1.326792,7.665125,375.778083
gorm-user-address,fork,100,2,58,328.051958,0,329.747167,1.407417,7.604167,338.759
gorm-user-address,fork,100,2,59,360.268417,0,361.899834,1.586125,7.711,371.197292
gorm-user-address,fork,100,2,60,341.149791,0,342.950666,1.353958,7.611417,351.91625
gorm-user-address,fork,100,2,61,370.933458,0,372.486292,1.487625,7.791416,381.765583
gorm-user-address,fork,100,2,62,350.380458,0,351.904792,1.576042,7.772292,361.253458
gorm-user-address,fork,100,2,63,376.330041,0,377.833583,1.202916,7.765167,386.801875
gorm-user-address,fork,100,2,64,337.204709,0,339.00425,1.315666,7.635333,347.9555
gorm-user-address,fork,100,2,65,380.515125,0,382.26525,1.28675,7.736291,391.2885
gorm-user-address,fork,100,2,66,332.232167,0,334.054834,1.385084,7.760834,343.200959
gorm-user-address,fork,100,2,67,368.49525,0,370.10025,1.373166,7.692417,379.166042
gorm-user-address,fork,100,2,68,336.373583,0,337.940667,1.182333,7.782667,346.905917
gorm-user-address,fork,100,2,69,357.142584,0,358.916375,1.371541,7.739333,368.027542
gorm-user-address,fork,100,2,70,324.071875,0,325.706084,1.09025,7.714,334.5105
gorm-user-address,fork,100,2,71,363.831167,0,365.481542,1.247667,7.795166,374.524583
gorm-user-address,fork,100,2,72,324.589208,0,326.354,1.344042,6.801167,334.499458
gorm-user-address,fork,100,2,73,364.734458,0,366.395666,1.412541,7.768583,375.577041
gorm-user-address,fork,100,2,74,326.324833,0,327.959791,1.263333,7.63275,336.856166
gorm-user-address,fork,100,2,75,356.641084,0,358.293584,1.327667,7.72325,367.344667
gorm-user-address,fork,100,2,76,335.840625,0,337.338333,1.278958,7.815625,346.433083
gorm-user-address,fork,100,2,77,420.732417,0,422.332209,1.377084,7.741042,431.4505
gorm-user-address,fork,100,2,78,329.8185,0,331.454542,1.292458,7.639208,340.386417
gorm-user-address,fork,100,2,79,361.085125,0,362.710625,1.498375,7.659041,371.868333
gorm-user-address,fork,100,2,80,324.629,0,326.445709,1.437083,7.592917,335.475917
gorm-user-address,fork,100,2,81,356.049916,0,357.381625,1.26825,7.810459,366.460625
gorm-user-address,fork,100,2,82,331.948875,0,333.82825,1.332584,7.826125,342.987166
gorm-user-address,fork,100,2,83,370.466541,0,372.113125,1.408,7.788167,381.3095
gorm-user-address,fork,100,2,84,328.52725,0,330.127208,1.622833,7.817542,339.567875
gorm-user-address,fork,100,2,85,357.1405,0,358.518834,1.353125,7.686667,367.558875
gorm-user-address,fork,100,2,86,321.970417,0,323.393167,1.301875,7.66325,332.3585
gorm-user-address,fork,100,2,87,349.197459,0,351.167709,1.55975,7.760333,360.488042
gorm-user-address,fork,100,2,88,322.256208,0,323.702083,1.331709,7.629084,332.663125
gorm-user-address,fork,100,2,89,363.750417,0,365.213458,1.492791,7.777833,374.484375
gorm-user-address,fork,100,2,90,329.20675,0,330.78575,1.404583,7.691917,339.882542
gorm-user-address,fork,100,2,91,353.687875,0,355.545792,1.269583,7.63,364.445584
gorm-user-address,fork,100,2,92,321.990334,0,323.552042,1.235,7.667417,332.454667
gorm-user-address,fork,100,2,93,356.583375,0,358.233834,1.432417,7.117416,366.783875
gorm-user-address,fork,100,2,94,327.939666,0,329.684,1.200583,7.757542,338.642375
gorm-user-address,fork,100,2,95,354.770125,0,356.328459,1.356375,7.599167,365.284209
gorm-user-address,fork,100,2,96,359.545875,0,360.962917,1.525291,6.790667,369.279042
gorm-user-address,fork,100,2,97,357.966292,0,359.521958,1.373292,7.672417,368.567833
gorm-user-address,fork,100,2,98,322.892375,0,324.562375,1.490542,7.643459,333.696625
gorm-user-address,fork,100,2,99,356.816583,0,358.438375,1.373125,7.710666,367.522416
